Crude_oil_contents,40.6143,38.05779,37.00899,34.85545,38.81708,35.23128,39.98013,28.80298,31.16423,38.88038,36.85754,40.86382,39.21273,40.43299,40.82027,33.69445,44.66101,36.10218,32.27452,34.34155,38.36125,34.57165,32.47222,36.05442,36.45872,37.44856,30.74291,36.81901,37.79702,30.72903,37.15054,30.49707,31.75808,35.04973,36.0351,38.3942,36.75625,33.84802,40.95256,39.72908,39.49807,40.68541,36.26091,38.74129,37.49216,41.97094,38.32822,40.85349,39.09663,42.16201,30.50383,39.91347,39.78334,44.51882,32.04476,45.24446,37.19972,44.06166,34.61538,25.5871,41.45173,30.01154,35.18878,40.00917,38.54197,43.7247,41.35553,39.3688,36.26476,39.20308,34.67503,37.96465,35.49129,36.59807,23.26416,35.84888,25.95315,39.15574,31.69504,38.85571,35.41256,36.64773,33.62014,31.03127,38.10951,41.12185,38.39966,33.73707,36.42628,40.39867,38.60947,40.30519,38.1549,45.49711,47.3329,38.52717,43.36331,29.2589,46.73744,36.37146,39.73479,45.39054,41.41751,40.54527,20.35494,31.94406,40.74354,41.07396,37.92046,42.63639,37.69331,39.38395,37.56541,28.62299,35.59522,39.74215,42.91376,37.48937,40.14915,42.69738,36.59641,38.48364,38.51735,43.2,45.39266,42.71621,39.62704,43.89468,45.87318,39.29191,38.06147,44.38452,33.41183,38.84214,35.89595,33.20257,38.45867,36.93193,38.64997,41.29285,43.28525,39.22723,44.76165,36.67104,44.96131,41.71847,38.90754,34.25844,34.46196,38.00179,40.3443,35.82983,35.94824,33.08134,39.70175,41.88229,40.54471,39.18219,41.18545,42.96324,33.23601,43.29596,40.48539,43.73576,40.81706,37.89052
Caprylic_acid,0,0,0,0,0,0,0,0,0,0,0,0.03755,0.043569,0.047378,0.036973,0.046338,0.048645,0.060279,0.039597,0.039969,0.037076,0.049253,0.043386,0.039533,0.042879,0.043189,0.05559,0.046435,0,0.040628,0.056041,0.072234,0.048612,0.050142,0.053896,0.0471,0.04265,0,0,0.040879,0.039345,0.040875,0.047818,0.049571,0,0.041186,0.046592,0.039976,0.043719,0.038513,0.063764,0.044673,0.053072,0.04018,0.054587,0.044345,0.051858,0.034502,0.044918,0,0.044392,0.040267,0.045786,0.041276,0.041045,0.045431,0.04227,0,0.050559,0.056112,0.050059,0.040995,0,0.041731,0,0.042282,0.053743,0.044727,0,0,0.033234,0,0.043626,0,0,0,0.040514,0.056633,0,0.039887,0.043366,0.045171,0.050583,0.035674,0,0,0,0,0,0,0,0,0,0,0,0,0,0,0,0,0.042328,0,0,0,0,0.039511,0,0,0.036533,0,0,0,0,0,0,0,0,0,0,0,0,0,0,0,0,0,0,0,0,0,0,0,0,0,0,0,0,0,0,0,0,0,0,0,0,0,0,0,0,0,0,0,0.0431,0,0,0
Myristic_acid,0,0,0,0,0,0,0,0,0.044317,0.044604,0.037529,0.03755,0.043569,0.047378,0.036973,0.046338,0.048645,0.060279,0.039597,0.039969,0.037076,0.049253,0.043386,0.039533,0.042879,0.043189,0.05559,0.046435,0.043478,0.040628,0.056041,0.072234,0.048612,0.050142,0.053896,0.0471,0.04265,0,0.034436,0.040879,0.039345,0.040875,0.047818,0.049571,0.042977,0.041186,0.046592,0.039976,0.043719,0.038513,0.063764,0.044673,0.053072,0.04018,0.054587,0.044345,0.051858,0.034502,0.044918,0,0.044392,0.040267,0.045786,0.041276,0.041045,0.045431,0.04227,0.044075,0.050559,0.056112,0.050059,0.040995,0.052694,0.041731,0,0.042282,0.053743,0.044727,0.032969,0.044349,0.033234,0,0.043626,0,0.041179,0,0.040514,0.056633,0,0.039887,0.043366,0.045171,0.050583,0.035674,0.045179,0.037986,0.032989,0.057706,0.031567,0.048764,0.037747,0,0.034167,0.034238,0,0,0.033392,0,0,0.038015,0.042328,0.043688,0.039166,0.047633,0.035896,0.039511,0.043418,0.034934,0.036533,0.045872,0.033037,0.041482,0.042604,0.040447,0,0.050723,0.057094,0,0.032646,0,0.050437,0.04004,0.045481,0.034896,0,0.038049,0.035176,0.04343,0,0.037547,0,0.041307,0.031269,0.039046,0.037886,0.046576,0.042131,0.043453,0.059926,0.048738,0.034683,0.032528,0.052926,0.046614,0,0,0.042766,0,0.052455,0.046476,0.041555,0.037897,0.0431,0.038904,0,0.043141
Palmitic_acid,3.78702,3.183562,3.657517,3.555514,3.219411,3.37057,4.106741,6.072601,3.56817,3.427011,3.658911,3.480797,3.563804,4.04669,3.008447,3.659109,3.786536,4.130482,3.324238,3.975011,2.912203,3.504745,4.031696,3.770399,3.896451,3.320585,3.787333,3.425244,3.875707,3.646456,4.202712,4.168746,3.326948,3.488771,3.962019,3.673898,3.495355,3.6718,3.043506,3.145014,3.463611,3.795553,3.566443,3.269264,4.042356,3.529048,3.475637,3.58708,3.571203,3.51499,4.604273,3.82916,4.113274,3.338958,4.87699,3.50293,3.741356,3.358278,3.791607,4.428604,3.387709,3.332687,3.470376,3.273771,3.308166,3.868174,3.260107,3.53508,3.651095,4.029916,3.655027,3.145905,3.944942,3.595071,4.024472,3.385562,4.478855,4.045798,2.800837,3.842115,2.64536,3.057525,4.145332,3.463887,3.248991,3.011954,3.553414,3.434095,2.949911,3.182365,3.291464,3.75133,4.25514,2.974031,3.782013,3.474675,3.296417,5.148433,3.544448,3.772579,4.169247,3.201442,3.823543,3.581958,4.95131,3.438958,3.967392,3.508168,3.433098,3.112503,3.468086,3.501958,3.751986,4.321709,3.346586,3.917945,4.409175,4.180328,4.046977,4.536117,3.072468,3.991803,3.611814,4.180645,2.668923,4.257914,4.365148,2.755426,3.610656,3.276662,4.063808,3.213285,3.896355,3.3455,3.446023,3.161969,3.485649,3.500298,3.624236,3.367249,2.988956,3.685775,2.966843,3.844399,3.492066,3.472298,3.96249,3.598423,3.988251,3.661523,3.351558,3.206509,3.645478,4.106023,3.594893,3.997245,3.362848,3.943304,4.263864,3.837318,3.702115,3.53874,4.255151,3.776206,2.858834,3.196484
Palmitoliec_aicd,0.281163,0.216838,0.273033,0.207182,0.219458,0.219649,0.302861,0.491045,0.280795,0.237718,0.26373,0.244249,0.240161,0.316787,0.25688,0.310023,0.275224,0.310349,0.232751,0.248154,0.187587,0.274313,0.235842,0.226906,0.260735,0.259917,0.312242,0.33613,0.264323,0.286322,0.275725,0.319373,0.287224,0.230347,0.303841,0.309301,0.226802,0.269934,0.25703,0.247667,0.25271,0.2773,0.288999,0.269079,0.229897,0.218107,0.27518,0.253839,0.268654,0.229597,0.405077,0.251978,0.289788,0.265762,0.359717,0.217499,0.297282,0.238312,0.238009,0.325832,0.222168,0.252034,0.295433,0.249136,0.22245,0.256263,0.221639,0.308988,0.276416,0.285676,0.247513,0.226442,0.269122,0.260196,0.304765,0.225786,0.345512,0.323408,0.172254,0.254499,0.268619,0.150125,0.27448,0.322946,0.215471,0.205377,0.228802,0.269442,0.270547,0.24747,0.256509,0.224493,0.275148,0.2495,0.256951,0.223603,0.23149,0.329007,0.282544,0.27698,0.268764,0.198558,0.241213,0.249225,0.327989,0.210454,0.222034,0.218774,0.214259,0.260312,0.24486,0.262438,0.251893,0.297742,0.289523,0.276264,0.260709,0.279895,0.267672,0.304974,0.24234,0.335248,0.273813,0.298006,0.18926,0.27616,0.346674,0.179554,0.246784,0.220832,0.320401,0.23769,0.262264,NA,0.242028,0.251167,0.257089,0.250994,0.261866,0.213003,0.270599,0.239724,0.207515,0.282396,0.230217,0.246149,0.239173,0.279354,0.313066,0.27133,0.283939,0.257706,0.323981,0.308971,0.274166,0.26443,0.241615,0.298356,0.3524,0.283611,0.234989,0.267358,0.318938,0.250541,0.195323,0.263574
Heptadecanoic_acid,0,0,0,0.040713,0,0.032951,0.03867,0.06552,0,0,0,0,0,0,0,0,0,0,0,0,0,0,0,0,0,0,0,0,0,0,0,0,0,0,0,0,0,0,0,0,0,0,0,0,0,0,0,0,0,0,0,0,0,0,0,0,0,0,0,0,0,0,0,0,0,0,0,0,0,0,0,0,0,0.035585,0,0,0,0,0,0,0,0,0,0,0,0,0,0,0,0,0,0,0,0,0,0,0,0,0,0,0,0,0,0,0,0,0,0,0,0,0,0,0,0,0,0,0,0,0,0,0,0,0,0,0,0,0,0,0,0,0,0,0,0,0,0,0,0,0,0,0,0,0,0,0,0,0,0,0,0,0,0,0,0,0,0.038983,0,0,0,0,0,0,0,0,0,0
Stearic_acid,1.713057,1.127628,1.405241,1.31699,1.037417,1.176589,1.330759,2.175724,1.041539,1.311984,1.22351,1.394079,1.665461,1.509137,1.267995,1.620625,1.666413,1.945219,1.191994,1.315272,1.16905,1.477342,1.545855,1.276095,1.51865,1.071142,1.271124,1.227263,1.350256,1.429805,1.620031,1.30918,1.133466,1.004215,1.310842,1.164748,1.245459,1.225373,0.980172,1.101881,1.32233,1.71441,1.102121,1.313343,1.380253,1.361885,1.128206,1.236567,1.327166,1.227012,1.568014,1.340353,1.364356,1.183254,1.262316,1.517597,1.149477,1.392678,2.550884,1.984993,1.228366,1.348038,0.940566,1.258473,1.321928,1.368661,1.212741,1.044953,1.351014,1.42314,1.765392,1.055889,1.66771,1.402037,1.638482,0.946405,1.96277,1.93656,0.799935,1.209846,1.253852,1.345184,1.400833,1.200721,0.949777,1.336534,1.49275,1.05818,1.005214,0.882866,0.97322,1.7354,1.635779,1.382738,1.72456,1.244375,1.08858,1.948559,1.250633,1.128205,1.86961,1.222044,1.556639,1.291495,2.218031,1.454062,1.566747,1.265052,1.238779,1.398027,1.245235,1.467037,1.552696,1.863903,1.25983,1.564054,1.709251,1.691195,2.064919,2.172147,1.140428,1.196692,1.200102,1.848654,1.006382,1.93478,1.771595,1.02031,1.505416,1.005746,1.47451,1.2744,1.382677,1.111373,1.355142,1.122418,1.411445,1.351345,1.347114,1.550568,1.020089,1.622855,1.34701,1.171978,1.326492,1.098476,1.634021,1.571563,1.011761,1.816466,1.239056,1.34418,1.367043,1.638771,1.331316,1.592726,1.160302,1.630509,1.388623,1.469138,1.547761,1.388863,1.523578,1.264598,0.926328,0.990593
Oleic_acid,29.48998,18.85868,36.58902,27.97381,16.89767,23.54769,25.24915,52.96873,17.36737,29.09482,23.82357,25.86181,36.89237,34.68053,23.53465,26.5484,31.77878,37.43559,17.83593,25.08358,20.39187,31.94289,35.84082,24.77174,30.05758,18.47416,23.79589,15.59732,24.6051,34.86015,35.02411,22.30812,19.46251,17.5678,21.14253,17.73451,25.52183,22.47231,16.05252,19.13685,28.57617,39.78505,18.41113,23.69229,35.73777,34.17783,20.73986,28.18445,25.58331,21.56743,28.66074,34.11226,23.19392,21.58315,19.41983,38.58387,22.84348,27.25727,57.44546,61.22822,19.15273,27.19395,15.81366,20.55326,27.21143,36.93025,22.94973,17.16642,26.80316,24.85767,38.62408,15.62416,42.59571,23.67114,40.11744,14.6151,58.06666,59.63846,13.74793,26.00107,22.61226,28.53449,38.09666,20.04418,13.91951,20.26109,43.46107,14.0298,16.46032,13.57471,15.4015,42.95147,54.80151,26.66501,19.68991,26.29453,18.00995,46.44764,22.06497,17.68568,59.29606,22.36249,40.90553,26.41392,50.73027,29.77305,38.1971,30.73633,20.031,23.52457,25.84046,27.08913,29.37114,40.51981,15.60575,32.30379,40.19058,36.59977,59.95327,59.90246,17.60466,23.34689,21.36049,39.73314,14.43916,41.97749,37.09519,14.65933,27.30288,16.90673,22.1947,19.92798,23.58863,20.83004,28.17555,19.73569,32.17889,27.30268,25.65586,29.96358,17.50455,27.39525,22.58548,32.84462,28.95276,19.56577,41.6235,26.70951,15.64843,41.40519,18.61497,24.57812,25.15966,24.18858,26.08756,36.48499,19.79586,28.94995,25.9424,29.32675,26.93939,29.7986,37.88033,25.23704,15.76831,12.18857
vaccenic_acid,2.923279,2.136995,3.144039,2.195848,1.73011,2.184289,2.578265,4.61148,1.811111,2.444523,2.479713,2.93004,2.752465,3.187022,2.096295,2.636129,2.531926,2.86834,1.80596,2.277694,1.851387,2.835427,2.94873,2.529422,2.59739,1.781696,2.784617,2.215481,2.720022,3.571397,2.89125,2.53318,1.930144,1.738752,2.277667,2.317199,2.168027,3.0608,1.664013,1.742136,2.647082,3.230939,2.035426,2.385589,2.64113,2.522136,2.280158,2.686756,2.659349,2.491089,4.296718,2.768964,2.370173,2.327779,3.076863,2.355933,2.60753,2.316394,3.06913,4.268413,1.747183,2.48727,1.733075,2.206664,2.170026,2.783701,1.850173,1.899083,2.42743,2.242976,2.652229,1.596994,3.041933,2.54041,3.313525,1.492043,3.68019,3.392255,1.102581,2.682032,1.870854,2.202221,3.16443,1.916117,1.31413,1.790673,2.827615,1.441512,1.652038,1.262227,1.421584,2.85156,3.636878,2.135089,10.694983,2.325478,1.778899,4.892975,2.16524,2.096249,3.754939,1.830833,3.028833,2.734344,4.482115,2.473246,3.06686,2.487869,1.957975,2.117525,2.26489,2.604311,2.288565,3.603429,1.812123,2.584311,2.96946,3.308477,3.447727,3.720352,1.749371,3.089065,2.251724,3.443932,1.474302,3.378488,3.034246,1.274108,2.27242,1.934072,2.795511,1.704401,2.694221,1.938659,2.665144,1.890088,2.334134,2.321198,2.253757,2.327441,1.802216,2.596318,1.647263,3.297219,2.310856,2.052394,3.04582,2.536566,1.985047,2.898532,1.831294,2.500597,2.561031,3.287165,2.569591,2.976532,1.899304,2.739943,2.975884,2.548391,2.703264,2.79524,3.668939,2.411125,1.558907,1.55121
Linoleic_acid,13.307038,13.729772,13.532587,12.819471,12.609034,12.881223,14.139221,18.398314,13.121133,14.327591,13.255204,13.075541,15.56859,17.073907,11.509911,13.899666,13.633179,14.848378,12.174073,12.834369,12.199076,14.780532,16.404014,13.298293,14.573782,12.134623,15.495748,12.044509,13.488723,16.736099,17.511911,17.361768,13.237671,13.29702,1.708206,14.104783,14.774829,16.648428,11.150723,11.935512,15.716896,15.853849,14.197779,14.64143,16.450879,15.489301,14.293819,16.303895,15.25927,14.844675,21.037,15.868912,14.076966,12.847869,17.393612,14.660262,15.701905,12.722763,15.747548,16.399549,13.012002,12.965508,13.520753,13.061062,13.812502,15.272084,13.275257,14.459845,13.593401,14.21182,16.541735,13.140546,15.53572,14.893876,15.351859,13.829753,16.26584,15.724067,11.959647,15.363372,9.001823,15.315341,17.99318,12.938366,14.218968,11.402768,14.275271,13.735249,11.478948,11.577352,11.953516,16.258287,19.485544,11.989351,13.164317,13.456403,12.358091,23.692327,11.791842,13.831739,16.323204,11.260477,14.576916,15.351825,22.123815,14.055777,18.032181,14.442792,13.166766,12.210684,13.733273,12.903045,11.132802,16.91375,12.557758,12.922044,17.907834,16.066446,16.13091,16.526498,11.678118,12.97933,14.354686,14.049136,12.200925,15.654806,15.302318,10.912875,12.761902,13.622439,15.262373,11.497776,12.65966,11.989431,12.89737,12.580264,11.490433,13.255395,13.438592,13.852839,10.552464,13.591653,10.028235,17.972415,12.820806,13.44786,15.138252,13.047901,14.832086,13.420432,11.368131,12.95694,14.097521,14.892913,11.336677,15.388714,11.951452,12.103374,14.632566,13.749298,14.184691,13.213605,17.083608,13.550735,11.394522,12.893687
Arachidic_acid,10.125876,9.3623,10.386046,10.489458,10.240366,8.662218,10.279001,12.861717,10.63182,10.984511,10.201735,10.964178,10.258684,10.125012,9.429143,10.238221,9.074735,9.605245,9.652569,10.613694,11.05925,3.917414,11.557733,11.618875,9.797016,9.673491,10.9848,8.742681,12.014387,10.197832,10.158559,11.481302,9.972461,9.823052,11.258637,10.513505,11.900939,11.286103,10.658268,9.800713,10.769717,10.279832,11.181877,11.742708,11.650114,13.375305,9.861914,10.305156,10.598734,11.835427,13.198271,13.09349,9.497619,11.804968,11.869836,10.18289,11.194186,9.986099,13.000902,9.025005,9.768464,11.25508,9.438532,8.583903,11.474888,11.16266,9.092623,12.323704,10.316237,12.03639,10.064232,10.404038,9.996726,11.766304,10.120932,10.832471,10.587276,12.25639,10.138768,10.868042,7.999296,10.282957,10.627534,9.110708,11.844652,7.735107,9.390024,9.231312,9.895241,8.682847,9.314962,10.148578,12.2176,9.578343,8.990584,11.224796,9.532607,10.98982,9.417976,10.807014,11.505867,9.359261,11.201154,11.032006,11.722068,8.855779,10.905975,10.843478,9.693883,8.256446,9.822422,9.35653,10.32986,9.947384,7.86224,8.305129,9.022956,11.567861,11.29202,9.695158,10.229915,11.095595,9.388363,10.821616,7.577098,8.886146,10.790667,8.673849,9.262214,9.919643,10.909454,8.183877,11.00364,10.473002,9.56343,8.92371,7.762081,8.924664,9.17223,8.866016,9.52788,10.474392,8.05952,11.297844,10.10261,9.217835,10.456431,9.367272,11.293003,9.044981,9.189746,8.781354,8.100038,9.938284,9.749756,8.728727,10.94721,8.871,10.356715,8.678467,9.297131,9.15892,10.944106,10.419699,10.714763,9.966434
cis_11_Eicosenoic_acid,0.717921,0.670215,0.662696,0.678495,0.725541,0.624318,0.710681,0.75913,0.717035,0.644764,0.662119,0.594408,0.688998,0.68152,0.806666,0.90444,0.675405,0.921634,0.751269,0.687789,0.720093,0.692992,0.575714,0.586006,0.691744,0.763458,0.689021,0.984044,0.583231,0.619654,0.699339,0.67082,0.746959,0.679192,0.844566,0.691177,0.626535,0.563301,0.692001,0.720601,0.627282,0.621948,0.716459,0.679406,0.619771,0.579542,0.715995,0.614463,0.666152,0.559652,0.670738,0.628768,0.789557,0.666905,0.715263,0.705582,0.617304,0.704789,0.60835,0.702775,0.68909,0.660221,0.683056,0.719112,0.635862,0.551577,0.681303,NA,0.702898,0.767661,0.74194,0.730828,0.591316,0.61761,0.655039,0.643692,0.653162,0.551714,0.589754,0.645759,NA,0.556189,0.567494,0.827684,0.745718,0.876358,0.650681,0.739431,0.711295,NA,0.718226,0.619361,0.56849,0.812028,0.76123,0.651936,0.741802,0.706267,0.726094,0.730878,0.600474,0.690233,0.540405,0.628899,0.720552,0.721186,0.551492,0.585597,0.722396,0.793667,0.669612,0.704484,0.784277,0.638402,0.921972,0.720985,0.607249,0.622938,0.591404,0.603374,0.765589,0.638,0.755297,0.609528,0.751995,0.703461,0.804678,0.75132,0.794231,0.641024,0.798901,0.923968,0.708025,0.632023,0.671687,0.739194,0.717961,0.724565,0.740312,0.757465,0.688709,0.738275,0.870377,0.598159,0.656821,0.636176,0.531399,0.721778,0.698883,0.777658,0.851541,0.765547,0.858623,0.798866,0.713222,0.775378,0.670223,0.861418,0.69928,0.738842,0.717022,0.678046,0.499449,0.666429,0.661625,0.75234
Linolenic_acid,14.876543,10.00108,11.21684,12.493955,10.212163,10.993671,11.786557,1.022727,8.988224,11.804176,11.705161,15.992391,10.791315,10.710222,12.500182,13.080753,15.429239,11.339723,9.542715,12.670556,11.156514,13.742284,11.823921,14.241986,14.549165,9.018184,10.357467,7.624882,14.767574,10.783428,10.627462,9.773116,8.388137,10.45384,11.956586,10.400796,10.827012,11.993631,9.585423,10.029862,12.318475,11.642642,11.552434,10.577014,11.740958,10.356084,12.011341,12.714984,11.302795,13.44538,9.50751,10.364409,12.48568,11.190028,10.003371,11.879713,10.63053,12.085407,2.106338,1.202784,11.085755,12.948703,7.441025,11.675621,12.38005,11.26437,11.927879,2.814992,11.651806,11.920366,10.625533,7.961361,11.582491,13.293121,11.024236,8.41048,1.854341,1.260939,7.099801,11.310312,9.852474,14.150657,10.889309,9.438552,6.859838,11.182626,11.528666,7.123507,7.955297,7.265057,8.063897,10.959574,1.785076,14.945079,16.175884,11.597377,9.762334,2.132015,12.243815,8.944374,1.352021,12.544014,11.578987,12.082145,1.503691,12.623419,11.019805,12.233593,11.71601,12.275669,12.086703,12.410322,13.289869,10.639,7.488824,13.672068,11.475077,11.514214,1.362576,1.417597,9.779463,10.874826,12.373459,11.945674,8.201768,11.706018,10.973464,7.513906,12.232157,9.873522,11.712172,11.330275,13.415686,11.926748,12.075605,10.199745,13.307103,11.200035,10.847438,12.706932,9.770122,14.323714,11.928344,10.997793,12.927334,10.874408,11.780827,14.211201,7.750734,10.937714,8.965892,13.162841,13.301144,13.929836,12.444212,11.812401,11.366512,13.093784,12.021089,12.616272,14.459311,13.409232,11.245903,12.24262,9.106613,7.611865
Behenic_acid,0.283914,0.476634,0.324575,0.365993,0.544108,NA,0.415628,0.422086,0.622337,0.364398,0.365843,0.234268,0.313828,0.339468,0.482699,0.470777,0.251302,0.453173,0.563151,0.37833,0.475842,0.342974,0.240301,0.250592,0.29541,0.633669,0.478976,1.021572,0.238568,0.279541,0.324948,0.447441,0.717726,0.491353,0.637937,0.46076,0.364134,0.290347,0.497248,0.499893,0.318366,0.253391,0.450865,0.395882,0.290328,0.268066,0.460615,0.30607,0.387062,0.265145,0.348351,0.334615,0.476761,0.403805,0.491887,0.33478,0.403847,0.376948,0.217944,0.347026,0.435864,0.324956,0.67094,0.426782,0.31499,0.240897,0.437113,0.645974,0.401753,0.42576,0.329311,0.635103,0.237543,0.270807,0.299208,0.527196,0.308747,0.227567,0.57403,0.398633,0.562532,0.216469,0.274763,0.682332,0.829321,0.559561,0.297881,0.667023,0.684743,0.631019,0.656499,0.252734,0.300285,0.417315,0.313606,0.384443,0.565779,0.410233,0.421752,0.62508,0.295824,0.410023,0.207977,0.325067,0.364137,0.362953,0.217932,0.293878,0.460262,0.512557,0.387996,0.381761,0.3888,0.252793,0.915924,0.350642,0.248926,0.254276,0.240484,0.264305,0.545631,0.397641,0.493579,0.2147,0.659537,0.2859,0.390322,0.679624,0.469484,0.538966,0.459288,0.682768,0.342692,0.374648,0.355754,0.537231,0.356814,0.434428,0.420296,0.398117,0.489141,0.311633,0.530366,0.341031,0.343155,0.432306,0.18385,0.318596,0.65709,0.361701,0.690565,0.369171,0.503273,0.36723,0.393723,0.387919,0.42761,0.466698,0.379564,0.400694,0.318039,0.322991,0.181925,0.375724,0.521924,0.7479
Erucic_acid,22.494212,40.236296,18.808402,27.862568,42.564718,25.313164,29.062461,0.150926,41.806151,25.313896,32.322975,25.19069,17.220758,17.282327,35.070163,26.585519,20.848617,16.081592,42.885749,29.87558,37.840052,26.439838,14.751988,27.390155,21.719199,42.825887,29.987188,46.734438,26.04863,17.548689,16.607914,29.554718,40.748138,41.175519,44.543273,38.582223,28.806423,28.51797,45.384657,41.598989,23.948019,12.50421,36.448649,30.984427,15.173574,18.08151,34.710684,23.766765,28.332586,29.98109,15.639546,17.362418,31.288832,34.347339,30.475729,16.014599,30.761246,29.526557,1.178906,0.086799,39.226276,27.19129,45.946794,37.950942,27.106657,16.255927,35.049162,38.647241,28.774226,27.742512,14.702952,45.437736,10.484089,27.612117,13.150039,45.049225,1.742907,0.59812,50.981491,27.379968,35.80269,24.18884,12.522362,40.054505,45.81245,41.637958,12.253314,48.213819,46.936446,45.810046,47.905257,10.202042,0.98797,28.815837,24.400785,29.084393,42.601061,3.245018,36.059117,40.052459,0.526238,36.920623,12.304638,26.274876,0.856022,26.031115,12.219087,23.384467,37.365573,35.500029,30.194134,29.275293,26.818941,10.954445,47.903575,23.343255,11.155369,13.879665,0.565511,0.811148,43.158982,32.013427,33.894071,12.814523,50.830652,10.888108,15.068606,51.579695,29.509212,42.060364,29.958447,40.983545,30.000671,35.227521,28.552268,40.820478,26.663226,30.690971,32.238298,25.959239,45.385275,24.979107,39.797781,17.313096,26.798998,38.909754,11.362109,27.594382,41.761718,15.355741,43.578625,32.04451,30.029282,26.49675,31.504883,17.551955,38.134295,27.041668,26.935158,26.304746,25.854734,25.390505,12.354974,29.766378,46.292849,49.794201
Weight_of_survey,4.35,6.16,4.98,4.97,4.74,4.41,4.05,3.07,4.1,4.38,3,5.06,4.73,5.12,4.31,3.33,3.73,0.83,4.92,3.37,4.22,4.65,4.28,4.16,3.58,4.42,4.78,2.51,4.34,4.45,3.96,5.16,0.28,3.11,5.9,4.8,5.06,5.11,5.01,4.56,5.34,4.99,4.99,4.16,5.76,4.42,4.75,2.52,5.11,5.45,0.1,6.28,4.65,5.74,2.89,4.89,5.41,4.75,2.01,5.19,6.12,5.93,5.97,5.48,4.95,5.63,4.87,4.86,4.06,4.29,3.9,5.06,4.1,5.04,0.72,4.49,3.6,5.66,5.18,4.88,4.83,4.07,4.33,3.8,4.39,5.63,4.78,3.33,5.96,4.11,3.75,5.8,5.98,3.98,3.66,6.34,4.41,5.33,4.72,1.93,4.95,4.14,4.41,5.67,2.3,4.46,6.02,5.29,4.32,3.75,3.71,4.53,3.68,5.78,5.64,3.59,4.54,3.98,4.56,4.54,3.82,5.87,5.17,4.51,5.33,4.2,3.32,5.05,4.3,5.43,0.58,3.92,3.44,4.07,4.27,3.86,4.77,5.62,3.65,3.94,4.01,4.15,4.39,4.15,4.26,5.26,4.36,4.69,1.56,4.46,5.3,4.05,4.29,3.97,3.39,4.26,3.98,3.65,3.6,3.14,4.95,5.33,5.39,4.27,5.22,4.84
Weight_of_one_thousand_seeds,4.35,6.16,4.98,4.97,4.74,4.41,4.05,3.07,4.1,4.38,4.573171,5.06,4.73,5.12,4.31,3.33,3.73,3.204633,4.92,3.37,4.22,4.65,4.28,4.611973,3.58,4.42,4.78,3.1375,4.34,4.45,3.96,5.16,5.185185,3.11,5.9,4.8,5.06,5.11,5.01,4.56,5.34,4.99,4.99,4.16,5.76,4.42,4.75,2.52,5.11,5.45,4.166667,6.28,4.65,5.74,2.89,4.89,5.41,4.75,4.785714,5.19,6.12,5.93,5.97,5.48,4.95,5.63,4.87,4.86,4.06,4.29,3.9,5.06,4.1,5.04,3.2,4.49,3.6,5.66,5.18,4.88,4.83,4.07,4.33,3.8,4.39,5.63,4.78,3.33,5.96,4.11,3.75,5.8,5.98,3.98,3.66,6.34,4.41,5.33,4.72,4.707317,4.95,4.14,4.41,5.67,4.259259,4.46,6.02,5.29,4.32,4.658385,3.751264,4.53,3.68,5.78,5.64,3.59,4.54,3.98,4.56,4.54,3.82,5.87,5.17,4.51,5.33,4.2,3.32,5.05,4.3,6.388235,2.32,3.92,3.44,4.07,4.27,3.86,4.96875,5.62,3.65,3.94,4.01,4.15,4.39,4.15,4.26,5.26,4.36,4.69,3.909774,4.46,5.3,4.05,4.29,3.97,3.39,4.26,3.98,3.65,3.6,3.14,4.95,5.33,5.39,4.27,5.22,4.84
Number_of_survey_seeds,1000,1000,1000,1000,1000,1000,1000,1000,1000,1000,656,1000,1000,1000,1000,1000,1000,259,1000,1000,1000,1000,1000,902,1000,1000,1000,800,1000,1000,1000,1000,54,1000,1000,1000,1000,1000,1000,1000,1000,1000,1000,1000,1000,1000,1000,1000,1000,1000,24,1000,1000,1000,1000,1000,1000,1000,420,1000,1000,1000,1000,1000,1000,1000,1000,1000,1000,1000,1000,1000,1000,1000,225,1000,1000,1000,1000,1000,1000,1000,1000,1000,1000,1000,1000,1000,1000,1000,1000,1000,1000,1000,1000,1000,1000,1000,1000,410,1000,1000,1000,1000,540,1000,1000,1000,1000,805,989,1000,1000,1000,1000,1000,1000,1000,1000,1000,1000,1000,1000,1000,1000,1000,1000,1000,1000,850,250,1000,1000,1000,1000,1000,960,1000,1000,1000,1000,1000,1000,1000,1000,1000,1000,1000,399,1000,1000,1000,1000,1000,1000,1000,1000,1000,1000,1000,1000,1000,1000,1000,1000,1000
No__of_Transplanting_plants,12,11,11,10,10,9,12,9,12,12,12,12,12,9,12,12,12,10,12,12,12,12,11,11,12,11,9,8,12,10,0,11,7,12,12,11,9,9,9,12,11,12,11,11,12,12,11,11,12,10,7,11,10,10,10,12,NA,NA,NA,9,NA,NA,NA,NA,NA,NA,NA,10,NA,NA,NA,NA,12,NA,NA,NA,NA,NA,12,12,NA,NA,NA,NA,11,NA,NA,NA,11,NA,NA,NA,NA,NA,12,11,11,10,12,9,12,12,12,12,10,10,12,11,12,11,9,12,11,11,11,11,11,11,11,7,11,10,12,12,12,12,12,10,12,11,11,12,10,9,12,10,10,11,12,12,11,12,12,9,12,11,11,12,11,12,12,12,10,12,11,12,12,12,12,11,12,10,11,11,12,11
No__of_Survival_plant,3,0,0,0,0,0,5,3,0,1,1,3,1,3,2,3,6,4,3,0,4,5,3,0,1,2,0,3,2,3,0,2,1,2,3,2,2,2,0,1,6,6,2,2,2,3,3,0,3,0,1,2,1,1,0,0,NA,NA,NA,2,NA,NA,NA,NA,NA,NA,NA,2,NA,NA,NA,NA,0,NA,NA,NA,NA,NA,1,0,NA,NA,NA,NA,3,NA,NA,NA,1,NA,NA,NA,NA,NA,7,3,7,0,4,1,0,0,2,1,1,0,0,1,0,0,0,1,0,1,1,3,1,0,0,0,0,0,3,1,0,1,1,1,2,4,2,1,3,2,1,5,2,0,0,0,1,1,1,0,2,1,0,1,1,0,1,2,1,1,1,0,5,1,0,1,0,1,0,2,2,1
Survival_rate,25,0,0,0,0,0,41.666667,33.333333,0,8.333333,8.333333,25,8.333333,33.333333,16.666667,25,50,40,25,0,33.333333,41.666667,27.272727,0,8.333333,18.181818,0,37.5,16.666667,30,0,18.181818,14.285714,16.666667,25,18.181818,22.222222,22.222222,0,8.333333,54.545455,50,18.181818,18.181818,16.666667,25,27.272727,0,25,0,14.285714,18.181818,10,10,0,0,NA,NA,NA,22.222222,NA,NA,NA,NA,NA,NA,NA,20,NA,NA,NA,NA,0,NA,NA,NA,NA,NA,8.333333,0,NA,NA,NA,NA,27.272727,NA,NA,NA,9.090909,NA,NA,NA,NA,NA,58.333333,27.272727,63.636364,0,33.333333,11.111111,0,0,16.666667,8.333333,10,0,0,9.090909,0,0,0,8.333333,0,9.090909,9.090909,27.272727,9.090909,0,0,0,0,0,25,8.333333,0,8.333333,8.333333,10,16.666667,36.363636,18.181818,8.333333,30,22.222222,8.333333,50,20,0,0,0,9.090909,8.333333,8.333333,0,16.666667,9.090909,0,8.333333,9.090909,0,8.333333,16.666667,10,8.333333,9.090909,0,41.666667,8.333333,0,9.090909,0,10,0,18.181818,16.666667,9.090909
lobe_number_2015_12_28,0,0,3,0,0,0,0,0,0,0,0,0,0,1,0,0,0,0,0,0,0,0,0,0,0,0,2,2,0,3,0,0,2,0,0,0,3,0,5,0,0,9,4,6,1,0,0,0,0,5,5,1,0,0,0,5,0,0,1,0,0,1,2,0,0,0,0,0,0,0,2,6,0,0,6,0,0,0,0,0,0,9,0,0,0,0,0,0,0,0,0,0,0,0,0,0,0,1,0,6,0,0,0,0,4,3,5,0,1,0,0,0,1,0,0,0,0,2,9,1,3,14,0,5,0,0,0,2,0,0,0,3,0,0,0,0,5,0,5,0,0,5,4,0,0,0,0,2,0,0,0,2,0,0,0,0,0,0,0,0,0,6,4,0,0,0
lobe_number_2016_01_21,9,10,0,0,13,9,0,0,0,1,0,0,8,8,0,0,0,0,0,15,0,0,0,0,0,10,0,0,4,10,0,0,6,0,3,0,13,4,4,0,7,11,10,9,9,10,0,0,5,0,4,4,0,12,0,5,0,11,0,0,4,3,9,9,6,6,9,10,0,0,0,10,0,17,7,0,0,9,3,5,1,7,0,0,0,14,0,1,9,0,0,0,12,1,0,0,5,0,6,4,5,9,9,0,1,8,0,13,0,0,0,13,1,7,0,0,1,0,11,0,18,13,20,8,1,0,0,7,0,0,0,2,0,11,8,1,3,0,7,0,7,4,9,9,2,3,0,0,9,0,14,8,0,0,8,0,0,0,0,0,9,9,10,8,10,2
lobe_number_2016_02_18,9,11,5,11,8,13,12,7,10,15,10,10,7,10,12,9,13,0,13,13,7,9,10,9,5,12,10,2,17,11,6,9,3,7,8,3,14,6,8,6,10,10,9,8,14,16,8,0,0,18,4,12,5,11,0,10,7,12,10,12,8,14,8,8,9,11,9,15,8,6,9,12,13,16,6,9,7,16,9,21,7,5,10,8,6,9,9,10,11,8,9,10,8,8,6,11,9,11,18,5,15,15,16,9,8,9,8,12,17,4,0,10,16,14,5,6,6,10,15,13,10,12,14,13,7,13,3,12,11,11,7,14,16,15,14,9,3,9,7,14,7,7,10,8,16,13,17,12,9,11,12,8,16,16,7,11,10,8,11,13,11,12,12,12,8,17
lobe_number_2016_03_21,9,7,7,9,9,9,7,14,11,11,10,12,9,14,9,9,14,9,13,12,9,7,11,10,14,11,11,8,13,12,13,14,9,13,12,12,17,10,10,12,11,9,15,13,8,17,13,10,12,15,12,13,11,12,7,13,13,16,10,10,12,19,12,12,14,14,16,14,8,9,10,8,12,17,6,9,11,13,7,19,10,8,13,15,12,10,11,10,9,14,13,11,10,10,12,11,9,12,14,7,14,16,12,10,10,11,8,14,16,8,8,11,11,14,13,9,12,11,11,13,11,12,9,7,10,11,13,7,13,10,5,12,13,12,8,9,5,10,6,11,7,6,8,8,11,9,15,8,9,6,12,10,18,15,13,8,10,9,12,14,9,11,11,19,7,12
leaf_number_2015_12_28,20,22,14,23,18,22,26,22,26,14,23,26,18,23,22,19,20,13,21,19,12,17,22,13,18,17,12,7,20,18,16,17,7,18,22,13,18,19,11,19,21,9,11,9,17,19,16,13,20,13,4,16,13,19,18,5,19,20,14,18,16,21,18,20,21,17,17,23,14,13,15,11,17,25,3,18,15,19,15,24,14,3,17,19,17,15,13,18,23,15,12,16,17,20,17,17,22,15,23,9,18,19,20,21,11,15,13,22,24,17,15,19,21,20,24,20,20,18,22,17,24,20,17,14,17,19,15,16,18,19,13,14,19,25,21,20,5,13,6,18,21,10,15,20,21,18,21,16,20,17,20,19,18,25,13,18,20,22,18,20,17,15,11,22,20,17
leaf_number_2016_01_21,12,14,7,10,13,21,31,25,11,16,28,15,10,11,23,20,21,14,7,19,20,19,21,18,19,13,16,12,21,28,16,19,13,20,23,18,17,14,6,20,13,22,14,23,5,14,20,16,15,16,17,18,16,16,15,24,17,13,14,19,14,14,11,12,9,13,16,9,17,14,16,5,21,7,3,23,19,11,13,3,18,4,16,27,19,3,17,24,10,21,18,19,9,21,20,18,14,18,19,4,15,11,12,19,19,7,29,11,19,21,21,12,23,6,21,23,20,25,8,18,6,7,23,6,18,23,21,12,26,20,14,16,20,6,8,15,6,19,7,20,10,4,9,5,13,22,30,22,5,14,7,15,19,24,10,19,23,18,20,25,9,14,15,13,10,20
leaf_number_2016_02_18,10,8,6,13,14,8,11,18,6,6,11,16,13,7,9,12,17,19,4,14,14,8,11,15,12,5,12,12,10,1,7,6,4,9,6,10,5,6,12,5,8,2,6,2,7,4,6,11,6,6,1,3,15,4,13,10,10,5,4,16,9,1,3,5,6,1,6,7,8,4,2,1,13,3,2,3,5,2,12,7,6,2,8,7,19,2,4,8,10,6,7,5,5,8,14,11,8,16,7,9,6,9,7,18,9,15,9,16,8,16,24,15,14,7,17,14,17,22,8,18,14,12,6,12,4,9,20,8,12,14,9,4,11,6,5,6,4,12,8,11,6,9,4,11,13,14,11,15,6,7,4,12,10,8,7,10,14,15,14,17,5,4,6,5,8,4
leaf_number_2016_03_21,9,8,4,12,11,10,8,14,5,8,13,9,5,3,7,10,7,12,8,5,12,7,9,9,4,9,9,11,8,8,7,9,2,8,7,10,5,8,6,12,5,2,4,3,8,6,6,5,13,7,12,4,12,8,9,3,6,6,4,14,6,9,4,4,5,2,6,6,8,5,10,10,19,11,4,9,10,13,11,6,11,7,8,6,10,10,10,8,8,8,10,6,7,8,10,6,8,7,10,8,10,8,5,10,6,7,8,9,11,12,15,11,4,8,10,10,13,14,10,10,14,10,13,5,9,11,12,12,9,15,14,9,8,4,10,7,5,8,2,7,6,4,1,4,6,11,10,8,2,4,13,10,12,5,6,11,20,8,9,15,5,4,4,7,7,8
plant_height_2016_05_13,154,158,143,152,192,196,162,214,181,194,173,181,211,202,159,160,172,130,140,124,188,170,150,120,140,194,160,120,187,164,154,215,130,192,200,173,175,155,159,141,179,76,159,155,175,205,198,106,178,180,155,196,198,202,176,167,174,168,150,187,166,164,153,157,157,149,154,187,125,125,144,171,180,213,73,153,135,175,153,221,175,128,130,177,160,158,170,120,170,145,125,129,140,119,158,177,153,191,177,213,190,212,160,182,172,165,185,184,167,147,149,174,164,203,215,162,179,188,182,171,172,161,179,113,172,200,162,181,157,171,204,164,182,203,182,157,127,229,100,185,169,121,131,108,174,216,172,178,122,163,195,147,206,180,155,177,184,177,174,184,170,164,206,158,130,204
plant_weight_2016_05_13,0.300000012,0.400000006,0.150000006,0.300000012,0.349999994,0.449999988,0.200000003,0.600000024,0.300000012,0.349999994,0.5,0.400000006,0.5,0.600000024,0.349999994,0.200000003,0.400000006,0.100000001,0.300000012,0.400000006,1,0.349999994,0.300000012,0.100000001,0.300000012,0.449999988,0.400000006,0.200000003,0.400000006,0.899999976,0.300000012,0.5,0.100000001,0.400000006,0.5,0.100000001,0.800000012,0.25,0.300000012,0.200000003,0.400000006,0.449999988,0.449999988,0.300000012,0.400000006,0.349999994,0.449999988,0.050000001,0.600000024,0.449999988,0.100000001,0.899999976,0.25,0.699999988,0.100000001,0.400000006,0.200000003,0.400000006,0.150000006,0.349999994,0.300000012,0.449999988,0.200000003,0.300000012,0.200000003,0.300000012,0.200000003,0.600000024,0.200000003,0.150000006,0.25,0.600000024,0.600000024,1.5,0.029999999,0.25,0.200000003,0.449999988,0.200000003,1.200000048,0.300000012,0.300000012,0.200000003,0.449999988,0.200000003,0.300000012,0.400000006,0.200000003,0.600000024,0.25,0.200000003,0.200000003,0.400000006,0.200000003,0.300000012,0.400000006,0.300000012,0.400000006,0.5,0.5,0.600000024,0.600000024,0.349999994,0.300000012,0.150000006,0.25,0.200000003,0.349999994,0.5,0.150000006,0.200000003,0.200000003,0.200000003,0.600000024,0.600000024,0.200000003,0.400000006,0.349999994,1.100000024,0.200000003,0.5,0.75,0.300000012,0.100000001,0.300000012,0.5,0.25,0.200000003,0.25,0.300000012,0.100000001,0.449999988,1,1.200000048,1.100000024,0.649999976,0.100000001,0.400000006,0.150000006,0.800000012,0.600000024,0.25,0.400000006,0.200000003,0.600000024,0.850000024,0.600000024,0.449999988,0.349999994,0.349999994,0.649999976,0.200000003,0.800000012,0.600000024,0.200000003,0.600000024,0.25,0.449999988,0.449999988,0.699999988,0.400000006,0.5,0.699999988,0.5,0.200000003,0.5
plant_width_2015_12_18,48.5,46,34,54,51,49,46,54,45.5,36.5,48,48.5,46,58,52,35.5,40,30.5,45.5,39,36,57.5,47.5,25,53,53.5,21.5,13.5,39,70.5,44,49,25.5,44,40.5,42.5,69,58,31,46.5,50.5,74.5,40.5,50,50,57,48,33.5,53.5,38,19.5,60,25.5,47.5,33,43.5,40,48,28.5,40.5,46,44.5,36.5,52.5,50.5,44.5,35.5,49,31,14.5,38,52,46.5,65.5,9,43,31,38.5,32.5,46.5,32.5,38.5,40.5,52,28.5,24,26.5,31,53,21.5,27.5,26.5,35,24,31,39,40,25.5,43.5,25.5,41,42.5,45,44.5,25.5,38,37.5,49,59.5,32.5,23,46.5,35.5,49,53.5,24.5,40,30.5,63.5,32.5,67.5,83.5,44,33,42.5,43,33,46,53.5,41,18,30,38,50,56.5,39.5,24,28.5,21.5,43,46,21,40,33.5,45,41,49.5,43.5,29,28,59,39,47,42,24.5,37.5,33,43,31.5,42,45,59.5,61.5,51,38,36.5
plant_width_2016_01_20,60,65.5,44.5,60,65,46.5,55,56.5,51,49,51,62.5,45,49,48,37.5,46.5,48.5,48.5,52,50,47,47,40,58.5,51,42.5,35,58,66.5,60.5,38,40,45.5,38,53,51.5,52,53,61,59.5,49.5,54.5,25,53,57,46.5,60.5,57.5,27,63.5,56.5,36.5,43.5,51.5,59,62.5,61.5,63.5,49.5,59.5,39,51.5,60.5,68.5,68.5,38.5,65,29,53.5,53,57,42.5,14.5,57,60,65,61,48,67.5,55,59.5,60,50.5,44,59,55,47,57.5,44.5,44,61,59.5,60.5,41.5,55,46.5,45,63,32.5,61,57,55.5,56.5,36.5,46.5,61,61,72.5,41.5,36.5,54,49,55,63,41,48,46,64.5,36.5,72,82.5,46,48,50,52.5,41.5,44.5,59,51.5,38.5,57,54,66.5,61.5,49,31,41,35,51.5,57.5,34.5,48.5,43,49.5,63.5,46.5,48.5,38,45,71,46.5,50.5,63.5,43.5,50.5,43.5,50.5,45,55,51,55,68,60,56.5,57.5
plant_width_2016_02_17,66,74.5,60,60,60.5,64.5,62,72,63,51.5,66.5,68,69.5,70.5,62.5,45.5,59.5,52,50.5,56,50.5,59.5,59,54,63.5,61,57,42.5,55,80.5,70.5,67.5,59.5,60,71,61,66,47,66,64.5,80,69.5,81.5,56.5,56.5,70,75,60,75,62.5,38,66.5,56.5,71.5,56.5,65,68,70,54,68,80,69,48.5,63.5,64,62,77.5,58.5,72.5,55,67.5,60,72.5,80,23.5,60,70.5,65.5,57.5,65.5,71,57.5,75,79.5,56,60,67.5,66.5,54,70.5,58,69.5,72.5,70,55,65,59.5,62,66,49,67,60,61.5,65,41.5,60.5,57,77,81.5,59,73.5,61,60,67.5,68,59,57,57.5,46,53.5,68.5,68,54,44.5,56.5,77,52,55.5,69,55.5,36.5,56.5,61.5,63.5,73.5,59.5,50,58.5,54.5,66,71,54,66.5,51.5,72.5,69,52,68,60,59.5,62,54.5,61.5,65,61.5,70,57,58.5,56.5,65.5,63,63,76.5,70.5,64.5,59
plant_width_2016_03_16,61.5,56,57,49.5,59,63,55.5,79,56,50,77,72.5,71.5,67.5,62.5,62,59,59,51,58.5,52,67.5,62,44,60.5,69,49.5,42.5,58,70.5,58,59.5,45,72.5,57,52,68.5,62,48.5,66,68.5,61.5,75.5,55.5,51,68,73.5,49,69,72,36.5,70,50,69.5,65.5,66,67.5,67,61,49,71.5,72.5,57,72.5,70,49.5,72,51,70.5,53.5,44.5,46.5,57.5,71.5,31,58.5,47.5,53.5,40.5,76,51,44.5,44,48,40,46.5,47,42.5,72,59.5,44,54,47.5,69,72.5,68.5,46,57.5,53,44,48.5,62,53.5,47,40,45,53.5,55,48.5,54,60,60,43,57,54,58.5,57,58,71.5,58,61,59.5,51,45.5,59.5,59.5,52,56.5,65,47,37,58.5,64,70,66,58,43.5,62.5,41.5,59,53.5,39.5,50.5,39,55.5,78,70.5,74.5,46,57,55,47.5,53.5,54,67.5,59,52,50.5,48,53.5,50,52,51,68,57.5,51
plant_height_2015_12_18,14,18,11,13,14,24,14,15,17,20,19,15,13,18,24,22,15,16,26,16,14,22,10,13,18,20,8,8,20,36,22,29,21,21,24,52,29,19,11,24,25,20,15,17,18,16,22,15,17,21,15,22,15,17,9,12,15,22,8,16,24,18,20,16,9,9,17,20,11,13,14,19,15,32,20,13,11,16,10,19,14,18,13,11,13,14,15,13,15,15,17,13,14,11,13,13,16,13,15,9,15,21,12,14,10,12,14,18,24,29,11,16,17,17,29,15,19,18,19,13,29,28,30,17,19,22,17,21,15,12,16,16,15,17,17,14,9,15,9,15,14,8,12,15,16,16,20,15,12,12,20,13,19,14,13,15,16,13,10,12,12,12,24,20,15,15
plant_height_2016_01_20,42,57,69,81,40,46,38,34,45,37,40,52,58,49,39,41,40,38,56,28,38,43,38,28,42,35,22,22,44,58,52,35,36,52,44,95,45,40,41,58,113,38,44,23,35,55,40,48,48,48,46,44,46,42,44,49,50,64,49,39,46,39,41,36,46,44,28,58,28,60,42,46,32,27,19,42,49,47,29,41,64,45,45,40,41,52,39,30,63,52,29,45,39,28,32,42,34,34,41,38,43,36,33,40,51,40,52,41,44,43,38,36,39,42,47,35,38,38,92,34,66,120,37,60,48,46,35,51,42,34,28,37,38,44,45,50,46,32,45,45,38,25,53,29,38,42,40,43,50,29,84,32,46,33,56,35,35,35,40,42,52,84,83,50,62,42
plant_height_2016_02_17,110,146,81,113,110,102,93,54,92,102,107,130,120,125,104,43,89,39,110,57,63,110,84,71,86,105,43,25,114,127,88,91,110,62,133,91,135,94,134,104,153,153,128,110,59,131,130,60,128,109,79,140,57,145,40,115,73,152,107,100,106,129,110,119,120,133,60,134,50,35,109,127,78,146,37,104,54,135,132,127,105,105,50,62,43,130,107,67,135,43,36,76,130,41,48,133,120,125,129,74,108,136,138,124,99,82,126,103,129,50,116,74,115,123,117,51,74,77,28,86,135,140,75,93,101,89,35,136,70,67,37,62,80,131,125,100,72,72,118,97,110,78,117,101,99,132,55,113,102,95,150,114,66,69,110,83,109,83,74,55,127,141,136,118,114,101
plant_height_2016_03_16,150,147,143,130,143,152,138,140,125,158,137,136,175,132,140,85,124,92,190,114,140,135,119,90,112,143,121,83,151,142,134,137,121,137,169,131,145,115,145,135,140,150,127,142,166,163,129,99,145,130,116,150,145,138,160,149,127,160,115,160,137,144,145,138,125,130,128,154,123,89,126,158,149,194,40,118,126,150,125,172,139,102,107,123,176,172,141,96,170,150,105,125,133,137,155,144,142,165,166,150,167,168,147,145,150,158,167,160,155,167,162,140,152,166,141,105,150,152,148,150,169,175,130,122,121,141,107,173,146,148,90,126,162,171,149,134,82,180,99,152,143,99,137,134,150,190,147,150,148,144,153,160,146,132,126,130,142,116,120,138,143,150,106,146,127,154
root_weight_2016_05_13,136.5,61.5,18.29999924,53.59999847,49.70000076,162,79.30000305,148.8000031,73.59999847,60.09999847,98,79.69999695,70.09999847,127,76.5,42.40000153,81.5,42.59999847,45.70000076,99.19999695,30.79999924,71.59999847,55.09999847,24.60000038,49.59999847,107.5,64.80000305,28.89999962,119.8000031,106,78.90000153,127.5,12.10000038,41.90000153,40.59999847,74.80000305,77.59999847,18.70000076,40.5,45.5,108.8000031,65.5,52.79999924,43.79999924,59.20000076,72.09999847,68,30.20000076,77.40000153,44.59999847,6,119.3000031,28.89999962,86.5,29,39.70000076,34.90000153,73.90000153,15.69999981,51.70000076,32,106.3000031,83.90000153,68.19999695,50.70000076,52.59999847,53.5,48.29999924,55.40000153,28,26.79999924,64.19999695,94.40000153,236.1999969,1.5,45.5,42.70000076,74,21.79999924,108.5,38.79999924,40.70000076,21,86.69999695,20.39999962,23.20000076,32.09999847,33.09999847,66.80000305,44.40000153,36.59999847,25,61.40000153,61.09999847,52.20000076,59.20000076,52.79999924,32.20000076,98.09999847,16.5,89.59999847,95.59999847,43.20000076,56.40000153,23.79999924,33.09999847,28.5,66.59999847,96.19999695,21,16.5,33.29999924,72.69999695,91.19999695,119.6999969,22.10000038,72.59999847,73.59999847,156.1000061,29.70000076,2.900000095,195.3999939,62.70000076,23.10000038,52,77.90000153,56.70000076,30.5,74.09999847,49.09999847,16.79999924,115.8000031,170.3999939,254.1000061,190.8000031,92.30000305,13.60000038,43,30.79999924,92.69999695,117.3000031,25.20000076,46,26.89999962,80.5,14.35000038,60.79999924,71.30000305,35.59999847,51.40000153,84.5,37.79999924,103.4000015,166.1000061,21,103.4000015,37.90000153,5.199999809,73.40000153,173.5,55,62,100.3000031,120.8000031,45.5,47.20000076
days_to_flower,148,138,131,131,141,155,155,180,148,155,155,134,134,134,145,166,159,180,131,162,166,148,159,159,155,148,169,169,155,131,159,166,155,173,155,159,131,155,134,162,145,113,131,124,145,145,145,166,145,155,131,145,173,138,173,124,162,138,148,162,145,145,155,145,145,138,166,131,169,176,148,124,162,145,NA,155,162,148,141,155,155,127,169,176,173,138,155,155,134,166,169,166,141,162,173,145,141,155,145,138,148,145,145,155,127,155,131,159,145,173,176,159,141,155,145,162,166,166,124,162,131,106,162,124,155,162,180,138,162,169,173,166,166,148,148,159,124,155,131,162,148,141,131,145,155,155,155,155,131,155,131,141,166,162,134,159,169,159,162,169,141,124,127,145,131,155
days_to_bolt,113,113,106,110,113,124,124,148,117,127,124,113,97,127,124,134,134,155,106,138,127,113,134,134,124,113,141,145,117,101,138,124,97,138,124,127,97,113,124,138,127,97,106,97,113,113,117,124,113,113,97,113,138,113,127,97,134,113,113,127,113,113,117,117,113,106,138,110,138,138,127,97,138,110,NA,117,134,113,110,124,124,97,134,131,103,110,117,124,97,141,141,134,117,141,141,113,110,127,117,100,113,117,110,127,124,113,97,131,113,131,148,127,113,117,117,134,131,124,97,127,110,97,131,100,124,134,155,101,134,127,145,134,138,117,127,124,97,117,97,138,117,97,101,113,131,127,117,124,101,124,106,117,127,138,110,127,138,134,138,138,101,97,97,113,106,97
bolting_to_flowering,35,25,25,21,28,31,31,32,31,28,31,21,37,7,21,32,25,25,25,24,39,35,25,25,31,35,28,24,38,30,21,42,58,35,31,32,34,42,10,24,18,16,25,27,32,32,28,42,32,42,34,32,35,25,46,27,28,25,35,35,32,32,38,28,32,32,28,21,31,38,21,27,24,35,NA,38,28,35,31,31,31,30,35,45,70,28,38,31,37,25,28,32,24,21,32,32,31,28,28,38,35,28,35,28,3,42,34,28,32,42,28,32,28,38,28,28,35,42,27,35,21,9,31,24,31,28,25,37,28,42,28,32,28,31,21,35,27,38,34,24,31,44,30,32,24,28,38,31,30,31,25,24,39,24,24,32,31,25,24,31,40,27,30,32,25,58
id,Sample_F2_100,Sample_F2_101,Sample_F2_102,Sample_F2_103,Sample_F2_104,Sample_F2_105,Sample_F2_106,Sample_F2_107,Sample_F2_109,Sample_F2_10,Sample_F2_111,Sample_F2_112,Sample_F2_113,Sample_F2_114,Sample_F2_116,Sample_F2_117,Sample_F2_118,Sample_F2_119,Sample_F2_120,Sample_F2_121,Sample_F2_122,Sample_F2_123,Sample_F2_124,Sample_F2_125,Sample_F2_126,Sample_F2_127,Sample_F2_128,Sample_F2_129,Sample_F2_12,Sample_F2_130,Sample_F2_132,Sample_F2_133,Sample_F2_134,Sample_F2_135,Sample_F2_136,Sample_F2_137,Sample_F2_138,Sample_F2_139,Sample_F2_13,Sample_F2_142,Sample_F2_143,Sample_F2_144,Sample_F2_147,Sample_F2_148,Sample_F2_14,Sample_F2_152,Sample_F2_153,Sample_F2_154,Sample_F2_155,Sample_F2_156,Sample_F2_157,Sample_F2_158,Sample_F2_15,Sample_F2_160,Sample_F2_161,Sample_F2_163,Sample_F2_165,Sample_F2_166,Sample_F2_169,Sample_F2_16,Sample_F2_170,Sample_F2_171,Sample_F2_172,Sample_F2_174,Sample_F2_175,Sample_F2_176,Sample_F2_177,Sample_F2_17,Sample_F2_180,Sample_F2_181,Sample_F2_186,Sample_F2_189,Sample_F2_18,Sample_F2_191,Sample_F2_192,Sample_F2_197,Sample_F2_198,Sample_F2_199,Sample_F2_19,Sample_F2_1,Sample_F2_201,Sample_F2_202,Sample_F2_207,Sample_F2_208,Sample_F2_20,Sample_F2_212,Sample_F2_214,Sample_F2_217,Sample_F2_21,Sample_F2_223,Sample_F2_224,Sample_F2_227,Sample_F2_231,Sample_F2_234,Sample_F2_23,Sample_F2_24,Sample_F2_25,Sample_F2_26,Sample_F2_27,Sample_F2_28,Sample_F2_29,Sample_F2_2,Sample_F2_30,Sample_F2_32,Sample_F2_34,Sample_F2_35,Sample_F2_36,Sample_F2_37,Sample_F2_38,Sample_F2_39,Sample_F2_3,Sample_F2_40,Sample_F2_41,Sample_F2_42,Sample_F2_45,Sample_F2_47,Sample_F2_48,Sample_F2_49,Sample_F2_4,Sample_F2_50,Sample_F2_51,Sample_F2_52,Sample_F2_53,Sample_F2_55,Sample_F2_56,Sample_F2_57,Sample_F2_58,Sample_F2_59,Sample_F2_60,Sample_F2_61,Sample_F2_62,Sample_F2_63,Sample_F2_64,Sample_F2_65,Sample_F2_67,Sample_F2_68,Sample_F2_69,Sample_F2_6,Sample_F2_72,Sample_F2_73,Sample_F2_74,Sample_F2_75,Sample_F2_76,Sample_F2_77,Sample_F2_78,Sample_F2_79,Sample_F2_7,Sample_F2_80,Sample_F2_81,Sample_F2_82,Sample_F2_84,Sample_F2_85,Sample_F2_86,Sample_F2_87,Sample_F2_88,Sample_F2_89,Sample_F2_8,Sample_F2_90,Sample_F2_91,Sample_F2_92,Sample_F2_94,Sample_F2_95,Sample_F2_96,Sample_F2_98,Sample_F2_99,Sample_F2_9