Number,Directory,Index sequence,Cultivar,Stage,rep,SampleID,TotalReads,TotalBases,TotalBases(Gb),GC_Count,GC_Rate,N_ZeroReads,N_ZeroReadsRate,N5_LessReads,N5_LessReadsRate,N_Count,N_Rate,Q30_MoreBases,Q30_MoreBasesRate,Q20_MoreBases,Q20_MoreBasesRate
1,TBD160404_20160726,TCGGTTGG,Da-Ae,Young,1,Ae_Yeong_2,53430974,5396528374,5.40 Gb,2630268751,48.74%,53102850,99.39%,53357366,99.86%,2209066,0.04%,5170030082,95.80%,5254683650,97.37%
2,TBD160404_20160726,AATCACCT,Da-Ae,Young,2,Ae_Yeong_3,55717802,5627498002,5.63 Gb,2722699669,48.38%,55335530,99.31%,55638318,99.86%,2103410,0.04%,5383510955,95.66%,5472149519,97.24%
3,TBD160404_20160726,TTAGCCAG,Da-Ol-1,Young,1,All1_Yeong2_160621,56960528,5753013328,5.75 Gb,2789319384,48.48%,56766210,99.66%,56943960,99.97%,940738,0.02%,5315439062,92.39%,5466403570,95.02%
4,TBD160404_20160726,TCATGCTG,Da-Ol-1,Young,2,All1_Yeong3_160621,66206092,6686815292,6.69 Gb,3186939088,47.66%,65979088,99.66%,66186376,99.97%,1113010,0.02%,6075943061,90.86%,6283958913,93.98%
5,TBD160404_20160726,CCTGGAAG,Da-Ol-1,bolting,1,All1_Chu_2,57947136,5852660736,5.85 Gb,2849947039,48.69%,57600294,99.40%,57846442,99.83%,2775377,0.05%,5599669087,95.68%,5694128611,97.29%
6,TBD160404_20160726,CGTGTGTT,Da-Ae,flowering,1,Ae_Gae_2,50165440,5066709440,5.07 Gb,2437340343,48.10%,49844790,99.36%,50095752,99.86%,2005023,0.04%,4838332324,95.49%,4922067867,97.15%
7,TBD160404_20160726,CGGCGATG,Da-Ae,flowering,2,Ae_Gae_3,45141856,4559327456,4.56 Gb,2230777771,48.93%,44859994,99.38%,45080180,99.86%,1798758,0.04%,4352628965,95.47%,4430247073,97.17%
8,TBD160404_20160726,CCATCAGG,Da-Ol-1,flowering,1,All1_Gae_2,46516634,4698180034,4.70 Gb,2272634274,48.37%,46259282,99.45%,46439430,99.83%,1945663,0.04%,4490181454,95.57%,4567367004,97.22%
9,TBD160404_20160726,GCCTGAAC,Da-Ol-1,flowering,2,All1_Gae_3,56162722,5672434922,5.67 Gb,2749866323,48.48%,55935970,99.60%,56099180,99.89%,2036510,0.04%,5414139390,95.45%,5509040075,97.12%
10,TBD160404_20160726,GTATCTCG,Da-Ae,early-silique,1,Ae_Cho_2,49344902,4983835102,4.98 Gb,2398496218,48.13%,49017014,99.34%,49268920,99.85%,1968810,0.04%,4739952217,95.11%,4828980680,96.89%
11,TBD160404_20160726,GATGTGCC,Da-Ae,early-silique,2,Ae_Cho_3,56978138,5754791938,5.75 Gb,2801480559,48.68%,56612696,99.36%,56805138,99.70%,6248556,0.11%,5493341447,95.46%,5587812027,97.10%
12,TBD160404_20160726,CGGCAGAT,Da-Ol-1,early-silique,1,All1_Cho_2,45190744,4564265144,4.56 Gb,2234242699,48.95%,45007292,99.59%,45138738,99.88%,1648624,0.04%,4389275056,96.17%,4454799197,97.60%
13,TBD160404_20160726,ACATCTTA,Da-Ol-1,early-silique,2,All1_Cho_3,53792382,5433030582,5.43 Gb,2594064703,47.75%,53594720,99.63%,53774596,99.97%,988988,0.02%,5156050530,94.90%,5258794671,96.79%
14,TBD160404_20160726,CTTGAACT,Da-Ae,late-silique,1,Ae_Hu_2,45292356,4574527956,4.57 Gb,2210651415,48.33%,45015670,99.39%,45210588,99.82%,2191120,0.05%,4370645898,95.54%,4444198146,97.15%
15,TBD160404_20160726,TGCTCATG,Da-Ae,late-silique,2,Ae_Hu_3,47190474,4766237874,4.77 Gb,2313277513,48.53%,46881908,99.35%,47042936,99.69%,5299377,0.11%,4591278535,96.33%,4655732818,97.68%
16,TBD160404_20160726,TCGATATC,Da-Ol-1,late-silique,1,All1_Hu_2,46153810,4661534810,4.66 Gb,2249327087,48.25%,45954166,99.57%,46064676,99.81%,3524886,0.08%,4471369984,95.92%,4540614880,97.41%
17,TBD160404_20160726,GTGGCTGA,Da-Ol-1,late-silique,2,All1_Hu_3,55296744,5584971144,5.58 Gb,2703501203,48.41%,55012588,99.49%,55139068,99.71%,6486752,0.12%,5305088918,94.99%,5407731021,96.83%
18,TBD160404_20160725,CGATGCCA,Da-Ol-1,bolting,2,All1_Chu_3,52049998,5257049798,5.26 Gb,2556681188,48.63%,51881356,99.68%,52019196,99.94%,824277,0.02%,5012827302,95.35%,5108643611,97.18%
19,TBD160404_20160725,ATGTTGCG,Da-Ae,bolting,1,Ae_Chu_2,60508378,6111346178,6.11 Gb,2959751101,48.43%,60335972,99.72%,60467182,99.93%,754553,0.01%,5752332707,94.13%,5896124411,96.48%
20,TBD160264_20160519,ATGATTGA,Da-Ol-1,Young,3,1,75268572,7602125772,7.60 Gb,3742691316,0.4923,74938528,0.9956,75220000,0.9994,990353,0.0001,6912927930,0.9093,7180338947,0.9445
21,TBD160264_20160519,GACTGCCT,Da-Ol-1,flowering,3,2,75255486,7600804086,7.60 Gb,3685920957,0.4849,74930632,0.9957,75208532,0.9994,941643,0.0001,6895590735,0.9072,7174046872,0.9439
22,TBD160264_20160519,GCTATTCT,Da-Ol-1,early-silique,3,3,84551132,8539664332,8.54 Gb,4131753062,0.4838,84181634,0.9956,84496890,0.9994,1117698,0.0001,7817588954,0.9154,8103197864,0.9489
23,TBD160264_20160519,AGCGTTAC,Da-Ol-1,late-silique,3,4,66754500,6742204500,6.74 Gb,3258143020,0.4832,66552106,0.997,66679834,0.9989,1398903,0.0002,6092836123,0.9037,6355196243,0.9426
24,TBD160264_20160519,GTGCTACA,Da-Ae,Young,3,5,60101200,6070221200,6.07 Gb,2962460257,0.488,59917496,0.9969,60033048,0.9989,1271386,0.0002,5451053461,0.898,5697334326,0.9386
25,TBD160264_20160519,CGTGGTGC,Da-Ae,flowering,3,6,76490458,7725536258,7.73 Gb,3756170883,0.4862,76264428,0.997,76405738,0.9989,1594141,0.0002,6865326375,0.8887,7210716707,0.9334
26,TBD160342_20160620,AACGAGTC,Da-Ae,early-silique,3,05-11-Final-8ul,79324450,8011769450,8.01 Gb,3791284282,0.4732,79190170,0.9983,79283240,0.9995,847994,0.0001,7222448810,0.9015,7510249648,0.9374
27,TBD160264_20160519,ATAGTATG,Da-Ae,late-silique,3,8,60407886,6101196486,6.10 Gb,2949112912,0.4834,60224142,0.997,60340910,0.9989,1247841,0.0002,5538289221,0.9077,5766338643,0.9451