Name,"Individual_
No.",2015.12.18,2016.01.20,2016.02.17,2016.03.16,2015.12.18,2016.01.20,2016.02.17,2016.03.16,2015.12.28,2016.01.21,2016.02.18,2016.03.21,2015.12.28,2016.01.21,2016.02.18,2016.03.21,2016.05.13
Da-Ol1,134-1,29,85,,140,30.5,55.5,,63.5,5,5,6,7,5,6,6,5,174
Da-Ol1,134-2,24,59,,91,16,34,,36.5,6,7,3,8,3,9,4,5,105
Da-Ol1,134-3,24,64,,155,19.5,50.5,,52.5,6,8,6,11,3,7,4,6,173
Da-Ol1,134-4,18,35,55,133,18.5,28,36,61,6,11,,,2,19,,,124
Da-Ol1,134-5,20,48,101,95,22.5,35,43.5,48.5,6,10,,,4,24,,,149
Da-Ol1,134-6,10,47,93,116,22.5,41,45,56,5,9,,,3,21,,,134
Da-Ae,107-1,16,43,63,141,40,56.5,78,66.5,0,6,19,20,14,18,9,10,194
Da-Ae,107-2,10,41,60,137,32,53.5,85,83.5,0,0,16,18,17,27,8,7,203
F1,136-1,18,54,140,180,40.5,62.5,95,91,0,7,4,14,20,12,12,7,198
F1,136-2,19,49,100,170,38.5,50,81,39,0,0,7,9,18,18,15,10,196
F1,136-3,16,52,122,170,44,47.5,79,51,0,0,7,11,19,18,19,13,185
F1,136-4,19,41,,160,35,41,,54.5,0,0,,,16,14,,,167
F1,136-5,20,48,,175,53,70,,50,0,4,,,20,18,,,183
F1,136-6,25,51,,157,51.5,60,,50.5,0,0,,,21,19,,,212
F1,136-7,26,50,,155,54,60.5,,52.5,0,5,,,22,14,,,197
F1,136-8,18,97,,180,44,63.5,,58.5,0,12,,,22,13,,,212
F1,136-9,15,44,,155,27.5,37.5,,53.5,0,0,,,12,17,,,164
F1,136-10,19,47,,169,51,45.5,,69.5,0,7,,,20,18,,,197
F1,136-11,16,45,,160,35.5,59,,49.5,0,0,,,17,22,,,162
F1,136-12,15,39,,165,30.5,49.5,,45.5,0,0,,,12,16,,,150
F1,136-13,19,45,,170,42.5,55,,50.5,0,0,,,17,15,,,157
F1,136-14,20,48,,170,48.5,56.5,,72,0,0,,,19,19,,,192
Da-Ol1xDa-Ae_F1,137-1,33,53,133,175,34.5,66.5,83.5,72.5,0,0,12,11,22,21,9,10,210
Da-Ol1xDa-Ae_F1,137-2,35,59,159,180,53,66,85.5,82.5,0,11,7,12,21,10,5,9,220
Da-Ol1xDa-Ae_F1,137-3,17,44,48,68,40,49,54,68,0,0,17,8,17,20,6,17,206
Da-Ol1xDa-Ae_F1,137-4,20,51,,175,61.5,72.5,,67.5,1,14,,,25,9,,,196
Da-Ol1xDa-Ae_F1,137-5,14,55,,198,56.5,71.5,,86.5,1,11,,,21,12,,,222
Da-Ol1xDa-Ae_F1,137-6,31,55,,180,63,85,,76.5,2,14,,,23,7,,,204
Da-Ol1xDa-Ae_F1,137-7,27,54,,175,54,63,,62.5,2,0,,,20,28,,,199
Da-Ol1xDa-Ae_F1,137-8,28,47,,163,32.5,55,,78,2,9,,,13,6,,,189
F2,138-1,19,41,127,172,46.5,67.5,65.5,76,0,5,21,19,24,3,7,6,221
F2,138-2,21,36,136,168,42.5,57,60,62,0,9,15,16,19,11,9,8,212
F2,138-3,11,38,116,162,23,36.5,73.5,60,0,0,0,8,15,21,24,15,149
F2,138-4,19,92,28,148,63.5,64.5,46,71.5,9,11,15,11,22,8,8,10,182
F2,138-5,7,13,112,80,11,32.5,62.5,42,0,0,0,9,10,14,15,11,100
F2,138-6,15,32,72,180,28.5,41,58.5,62.5,0,0,9,10,13,19,12,8,229
F2,138-7,20,40,55,147,49.5,46.5,52,70.5,0,0,17,15,21,30,11,10,172
F2,138-8,16,35,109,142,33,43.5,57,52,0,0,10,10,20,23,14,20,184
F2,138-9,15,42,101,154,36.5,57.5,59,51,0,2,17,12,17,20,4,8,204
F2,138-10,20,37,102,158,36.5,49,51.5,50,0,1,15,11,14,16,6,8,194
F2,138-11,20,45,109,161,38,45.5,48,40,0,0,9,8,18,26,20,12,190
F2,138-12,20,44,114,151,39,58,55,58,0,4,17,13,20,21,10,8,187
F2,138-13,11,41,134,145,31,53,66,48.5,5,4,8,10,11,6,12,6,159
F2,138-14,18,35,59,166,50,53,56.5,51,1,9,14,8,17,5,7,8,175
F2,138-15,15,46,57,145,25.5,36.5,56.5,50,0,0,5,11,13,16,15,12,198
F2,138-16,16,39,100,160,40.5,49.5,68,49,0,0,12,10,18,19,16,14,187
F2,138-17,20,58,134,154,49,65,58.5,51,0,10,15,14,23,9,7,6,187
F2,138-18,15,32,78,149,46.5,42.5,72.5,57.5,0,0,13,12,17,21,13,19,180
F2,138-19,10,29,132,125,32.5,48,57.5,40.5,0,3,9,7,15,13,12,11,153
F2,138-20,13,41,43,176,28.5,44,56,40,0,0,6,12,17,19,19,10,160
F2,138-21,15,63,135,170,53,57.5,54,72,0,9,11,9,23,10,10,8,170
F2,138-22,13,75,111,140,34.5,35,57.5,55,0,0,8,8,17,21,15,11,184
F2,138-23,13,32,48,155,31,41.5,55,72.5,0,0,6,12,17,20,14,10,158
F2,138-24,13,42,133,144,39,55,65,68.5,0,0,11,11,17,18,11,6,177
F2,138-25,16,34,120,142,40,46.5,59.5,46,0,5,9,9,22,14,8,8,153
F2,138-26,13,34,125,165,25.5,45,62,57.5,1,0,11,12,15,18,16,7,191
F2,138-27,15,41,129,166,43.5,63,66,53,0,6,18,14,23,19,7,10,177
F2,138-28,9,38,74,150,25.5,32.5,49,44,6,4,5,7,9,4,9,8,213
F2,138-29,15,43,108,167,41,61,67,48.5,0,5,15,14,18,15,6,10,190
F2,138-30,12,33,138,147,45,55.5,61.5,53.5,0,9,16,12,20,12,7,5,160
F2,138-31,11,32,89,129,28,44,56,39.5,2,1,7,9,14,19,12,8,124
F2,138-32,14,40,124,145,44.5,56.5,65,47,0,0,9,10,21,19,18,10,182
F2,138-33,13,40,115,153,33.5,48.5,54.5,50.5,0,3,7,9,19,6,12,9,149
F2,138-34,10,51,99,150,25.5,36.5,41.5,40,4,1,8,10,11,19,9,6,172
F2,138-35,12,40,82,158,38,46.5,60.5,45,3,8,9,11,15,7,15,7,165
F2,138-36,14,52,126,167,37.5,61,57,53.5,5,0,8,8,13,29,9,8,185
F2,138-37,18,41,103,160,49,61,77,55,0,13,12,14,22,11,16,9,184
F2,138-38,24,44,129,155,59.5,72.5,81.5,48.5,1,0,17,16,24,19,8,11,167
F2,138-39,29,43,50,167,32.5,41.5,59,54,0,0,4,8,17,21,16,12,147
F2,138-40,16,36,74,140,46.5,54,61,60,0,13,10,11,19,12,15,11,174
F2,138-41,17,39,115,152,35.5,49,60,43,1,1,16,11,21,23,14,4,164
F2,138-42,17,42,123,166,49,55,67.5,57,0,7,14,14,20,6,7,8,203
F2,138-43,11,59,104,120,32,41.5,56,34,3,3,13,7,12,15,10,7,142
F2,138-44,20,34,44,98,34,38.5,45.5,34,2,12,5,9,16,13,6,9,125
F2,138-45,29,47,117,141,53.5,63,68,54,0,0,5,13,24,21,17,10,215
F2,138-46,17,39,71,156,33,56.5,53,57,1,0,13,10,18,22,7,9,194
F2,138-47,15,35,51,105,24.5,41,59,58.5,0,0,6,9,20,23,14,10,162
F2,138-48,19,38,74,150,40,48,57,57,0,1,6,12,20,20,17,13,179
F2,138-49,18,38,77,152,30.5,46,57.5,58,2,0,10,11,18,25,22,14,188
F2,138-50,13,34,86,150,32.5,36.5,53.5,58,1,0,13,13,17,18,18,10,171
F2,138-51,29,66,135,169,67.5,72,68.5,61,3,18,10,11,24,6,14,14,172
F2,138-52,28,120,140,175,83.5,82.5,68,59.5,14,13,12,12,20,7,12,10,161
F2,138-53,30,37,75,130,44,46,54,51,0,20,14,9,17,23,6,13,179
F2,138-54,27,35,110,140,47.5,55.5,65,55.5,0,0,11,12,19,26,12,8,189
F2,138-55,17,60,93,122,33,48,44.5,45.5,5,8,13,7,14,6,12,5,113
F2,138-56,19,48,101,121,42.5,50,56.5,59.5,0,1,7,10,17,18,4,9,172
F2,138-57,22,46,89,141,43,52.5,77,59.5,0,0,13,11,19,23,9,11,200
F2,138-58,17,35,35,107,33,41.5,52,52,0,0,3,13,15,21,20,12,162
F2,138-59,21,51,136,173,46,44.5,55.5,56.5,2,7,12,7,16,12,8,12,181
F2,138-60,15,42,70,146,53.5,59,69,65,0,0,11,13,18,26,12,9,157
F2,138-61,12,34,67,148,41,51.5,55.5,47,0,0,11,10,19,20,14,15,171
F2,138-62,16,28,37,90,18,38.5,36.5,37,0,0,7,5,13,14,9,14,204
F2,138-63,16,37,62,126,30,57,56.5,58.5,3,2,14,12,14,16,4,9,164
F2,138-64,15,38,80,162,38,54,61.5,64,0,0,16,13,19,20,11,8,182
F2,138-65,17,44,131,171,50,66.5,63.5,70,0,11,15,12,25,6,6,4,203
F2,138-66,10,25,32,44,22,35.5,40,37.5,0,0,0,4,14,12,16,12,123
F2,138-67,17,45,125,149,56.5,61.5,73.5,66,0,8,14,8,21,8,5,10,182
F2,138-68,14,50,100,134,39.5,49,59.5,58,0,1,9,9,20,15,6,7,157
F2,138-69,9,46,72,82,24,31,50,43.5,5,3,3,5,5,6,4,5,127
F2,138-70,11,42,117,141,43,54,62.5,47,1,11,11,7,22,6,4,5,193
F2,138-71,17,80,109,143,52.5,57,62,60,13,13,13,10,8,11,6,18,150
F2,138-72,9,45,118,99,21.5,35,54.5,41.5,5,7,7,6,6,7,8,2,100
F2,138-73,15,45,97,152,43,51.5,66,59,0,0,14,11,18,20,11,7,185
F2,138-74,14,38,110,143,46,57.5,71,53.5,0,7,7,7,21,10,6,6,169
F2,138-75,8,25,78,99,21,34.5,54,39.5,5,4,7,6,10,4,9,4,121
F2,138-76,12,53,117,137,40,48.5,66.5,50.5,4,9,10,8,15,9,4,1,131
F2,138-77,15,29,101,134,33.5,43,51.5,39,0,9,8,8,20,5,11,4,108
F2,138-78,16,38,99,150,45,49.5,72.5,55.5,0,2,16,11,21,13,13,6,174
F2,138-79,16,42,132,190,41,63.5,69,78,0,3,13,9,18,22,14,11,216
F2,138-80,15,43,113,150,43.5,48.5,68,74.5,2,0,12,8,16,22,15,8,178
F2,138-81,12,50,102,148,29,38,60,46,0,9,9,9,20,5,6,2,122
F2,138-82,12,29,95,144,28,45,59.5,57,0,0,11,6,17,14,7,4,163
F2,138-83,19,43,110,145,53.5,58,66.5,55.5,0,1,14,13,21,16,11,3,175
F2,138-84,20,84,150,153,59,71,62,55,0,14,12,12,20,7,4,13,195
F2,138-85,13,32,114,160,39,46.5,54.5,47.5,2,8,8,10,19,15,12,10,147
F2,138-86,19,46,66,146,47,50.5,61.5,53.5,0,0,16,18,18,19,10,12,206
F2,138-87,14,33,69,132,42,63.5,65,54,0,0,16,15,25,24,8,5,180
F2,138-88,13,56,110,126,24.5,43.5,61.5,67.5,0,8,7,13,13,10,7,6,155
F2,138-89,15,35,83,130,37.5,50.5,70,59,0,0,11,8,18,19,10,11,177
F2,138-90,13,35,83,116,43,50.5,58.5,50.5,0,0,8,9,22,18,15,8,177
F2,138-91,10,40,74,120,31.5,45,56.5,48,0,0,11,12,18,20,14,9,174
F2,138-92,12,42,55,138,42,55,65.5,53.5,0,0,13,14,20,25,17,15,184
F2,138-93,9,34,41,90,30,36.5,46,46.5,0,0,4,7,18,16,14,10,127
F2,138-94,12,52,127,143,45,51,63,50,0,9,11,9,17,9,5,5,170
F2,138-95,12,84,141,150,59.5,55,63,52,6,9,12,11,15,14,4,4,164
F2,138-96,24,83,136,106,61.5,68,76.5,51,4,10,12,11,11,15,6,4,206
F2,138-97,12,43,133,147,56,57,69.5,65,0,11,12,13,25,15,10,5,162
F2,138-98,20,50,118,146,51,60,70.5,68,0,8,12,19,22,13,5,7,158
F2,138-99,15,62,114,127,38,56.5,64.5,57.5,0,10,8,7,20,10,8,7,130
F2,138-100,14,42,110,150,48.5,60,66,61.5,0,9,9,9,20,12,10,9,154
F2,138-101,18,57,146,147,46,65.5,74.5,56,0,10,11,7,22,14,8,8,158
F2,138-102,11,69,81,143,34,44.5,60,57,3,0,5,7,14,7,6,4,143
F2,138-103,13,81,113,130,54,60,60,49.5,0,0,11,9,23,10,13,12,152
F2,138-104,14,40,110,143,51,65,60.5,59,0,13,8,9,18,13,14,11,192
F2,138-105,24,46,102,152,49,46.5,64.5,63,0,9,13,9,22,21,8,10,196
F2,138-106,14,38,93,138,46,55,62,55.5,0,0,12,7,26,31,11,8,162
F2,138-107,15,34,54,140,54,56.5,72,79,0,0,7,14,22,25,18,14,214
F2,138-108,10,38,101,133,53.5,61.5,72,68.5,0,0,12,13,18,26,9,5,171
F2,138-109,17,45,92,125,45.5,51,63,56,0,0,10,11,26,11,6,5,181
F2,138-110,25,39,95,119,45,52,73.5,66.5,0,7,7,9,19,24,8,6,173
F2,138-111,19,40,107,137,48,51,66.5,77,0,0,10,10,23,28,11,13,173
F2,138-112,15,52,130,136,48.5,62.5,68,72.5,0,0,10,12,26,15,16,9,181
F2,138-113,13,58,120,175,46,45,69.5,71.5,0,8,7,9,18,10,13,5,211
F2,138-114,18,49,125,132,58,49,70.5,67.5,1,8,10,14,23,11,7,3,202
F2,138-115,19,34,64,97,20.5,33.5,41.5,59,0,15,0,7,13,10,14,11,120
F2,138-116,24,39,104,140,52,48,62.5,62.5,0,0,12,9,22,23,9,7,159
F2,138-117,22,41,43,85,35.5,37.5,45.5,62,0,0,9,9,19,20,12,10,160
F2,138-118,15,40,89,124,40,46.5,59.5,59,0,0,13,14,20,21,17,7,172
F2,138-119,16,38,39,92,30.5,48.5,52,59,0,0,0,9,13,14,19,12,130
F2,138-120,26,56,110,190,45.5,48.5,50.5,51,0,0,13,13,21,7,4,8,140
F2,138-121,16,28,57,114,39,52,56,58.5,0,15,13,12,19,19,14,5,124
F2,138-122,14,38,63,140,36,50,50.5,52,0,0,7,9,12,20,14,12,188
F2,138-123,22,43,110,135,57.5,47,59.5,67.5,0,0,9,7,17,19,8,7,170
F2,138-124,10,38,84,119,47.5,47,59,62,0,0,10,11,22,21,11,9,150
F2,138-125,13,28,71,90,25,40,54,44,0,0,9,10,13,18,15,9,120
F2,138-126,18,42,86,112,53,58.5,63.5,60.5,0,0,5,14,18,19,12,4,140
F2,138-127,20,35,105,143,53.5,51,61,69,0,10,12,11,17,13,5,9,194
F2,138-128,8,22,43,121,21.5,42.5,57,49.5,2,0,10,11,12,16,12,9,160
F2,138-129,8,22,25,83,13.5,35,42.5,42.5,2,0,2,8,7,12,12,11,120
F2,138-130,36,58,127,142,70.5,66.5,80.5,70.5,3,10,11,12,18,28,1,8,164
F2,138-131,22,45,48,82,28.5,52.5,38,55.5,0,0,0,14,15,14,14,9,122
F2,138-132,22,52,88,134,44,60.5,70.5,58,0,0,6,13,16,16,7,7,154
F2,138-133,29,35,91,137,49,38,67.5,59.5,0,0,9,14,17,19,6,9,215
F2,138-134,21,36,110,121,25.5,40,59.5,45,2,6,3,9,7,13,4,2,130
F2,138-135,21,52,62,137,44,45.5,60,72.5,0,0,7,13,18,20,9,8,192
F2,138-136,24,44,133,169,40.5,38,71,57,0,3,8,12,22,23,6,7,200
F2,138-137,52,95,91,131,42.5,53,61,52,0,0,3,12,13,18,10,10,173
F2,138-138,29,45,135,145,69,51.5,66,68.5,3,13,14,17,18,17,5,5,175
F2,138-139,19,40,94,115,58,52,47,62,0,4,6,10,19,14,6,8,155
F2,138-140,22,60,128,145,57.5,57,64.5,54.5,0,13,18,19,24,16,7,6,187
F2,138-141,26,50,110,138,49.5,56.5,80,71.5,0,0,10,13,23,21,5,8,180
F2,138-142,24,58,104,135,46.5,61,64.5,66,0,0,6,12,19,20,5,12,141
F2,138-143,25,113,153,140,50.5,59.5,80,68.5,0,7,10,11,21,13,8,5,179
F2,138-144,20,38,153,150,74.5,49.5,69.5,61.5,9,11,10,9,9,22,2,2,76
F2,138-145,19,39,83,136,38,48.5,60,67.5,0,0,3,7,17,20,9,6,140
F2,138-146,19,65,129,147,37.5,53.5,58.5,72.5,0,9,7,9,20,12,8,5,167
F2,138-147,15,44,128,127,40.5,54.5,81.5,75.5,4,10,9,15,11,14,6,4,159
F2,138-148,17,23,110,142,50,25,56.5,55.5,6,9,8,13,9,23,2,3,155
F2,138-149,9,46,36,70,16,49.5,46,51.5,0,0,8,5,13,14,9,6,121
F2,138-150,19,47,77,150,47,55.5,67.5,72.5,0,0,1,15,18,23,6,11,139
F2,138-151,16,51,107,149,44,56,66,75,5,9,7,12,6,24,5,3,142
F2,138-152,16,55,131,163,57,57,70,68,0,10,16,17,19,14,4,6,205
F2,138-153,22,40,130,129,48,46.5,75,73.5,0,0,8,13,16,20,6,6,198
F2,138-154,15,48,60,99,33.5,60.5,60,49,0,0,0,10,13,16,11,5,106
F2,138-155,17,48,128,145,53.5,57.5,75,69,0,5,0,12,20,15,6,13,178
F2,138-156,21,48,109,130,38,27,62.5,72,5,0,18,15,13,16,6,7,180
F2,138-157,15,46,79,116,19.5,63.5,38,36.5,5,4,4,12,4,17,1,12,155
F2,138-158,22,44,140,150,60,56.5,66.5,70,1,4,12,13,16,18,3,4,196
F2,138-159,19,52,106,135,44,60.5,75,68.5,0,0,10,10,20,18,10,9,175
F2,138-160,17,42,145,138,47.5,43.5,71.5,69.5,0,12,11,12,19,16,4,8,202
F2,138-161,9,44,40,160,33,51.5,56.5,65.5,0,0,0,7,18,15,13,9,176
F2,138-162,18,57,104,148,40,53.5,84,72.5,2,2,10,15,13,18,8,7,179
F2,138-163,12,49,115,149,43.5,59,65,66,5,5,10,13,5,24,10,3,167
F2,138-164,18,49,116,126,45.5,46,69,68.5,0,0,9,14,18,21,7,5,159
F2,138-165,15,50,73,127,40,62.5,68,67.5,0,0,7,13,19,17,10,6,174
F2,138-166,22,64,152,160,48,61.5,70,67,0,11,12,16,20,13,5,6,168
F2,138-167,24,43,156,143,56.5,53,80,73.5,0,7,9,13,22,15,5,7,173
F2,138-168,18,31,135,139,48.5,41,68.5,68,0,10,12,20,18,14,4,6,155
F2,138-169,8,49,107,115,28.5,63.5,54,61,1,0,10,10,14,14,4,4,150
F2,138-170,24,46,106,137,46,59.5,80,71.5,0,4,8,12,16,14,9,6,166
F2,138-171,18,39,129,144,44.5,39,69,72.5,1,3,14,19,21,14,1,9,164
F2,138-172,20,41,110,145,36.5,51.5,48.5,57,2,9,8,12,18,11,3,4,153
F2,138-173,19,51,126,125,49,49,62.5,73.5,2,2,12,14,15,20,1,2,149
F2,138-174,16,36,119,138,52.5,60.5,63.5,72.5,0,9,8,12,20,12,5,4,157
F2,138-175,9,46,120,125,50.5,68.5,64,70,0,6,9,14,21,9,6,5,157
F2,138-176,9,44,133,130,44.5,68.5,62,49.5,0,6,11,14,17,13,1,2,149
F2,138-177,17,28,60,128,35.5,38.5,77.5,72,0,9,9,16,17,16,6,6,154
F2,138-178,14,42,68,91,24.5,47,57,65,0,0,13,12,18,18,2,4,87
F2,138-179,10,37,51,94,39.5,51.5,69,75,0,0,10,12,18,16,5,7,135
F2,138-180,11,28,50,123,31,29,72.5,70.5,0,0,8,8,14,17,8,8,125
F2,138-181,13,60,35,89,14.5,53.5,55,53.5,0,0,6,9,13,14,4,5,125
F2,138-182,22,48,101,105,43.5,52,57.5,42,2,11,10,10,23,14,5,13,128
F2,138-183,17,49,111,149,47,57.5,62,57,0,6,10,8,19,13,7,10,174
F2,138-184,17,51,107,150,46,50,90,54.5,0,0,15,10,19,21,5,8,157
F2,138-185,13,45,115,153,43.5,41,61.5,46.5,0,6,10,11,16,10,5,10,167
F2,138-186,14,42,109,126,38,53,67.5,44.5,2,0,9,10,15,16,2,10,144
F2,138-187,15,58,95,129,29.5,56,58,50,1,3,9,8,16,18,4,6,158
F2,138-188,20,93,137,156,47,60.5,63.5,46,0,12,11,12,21,6,4,11,157
F2,138-189,19,46,127,158,52,57,60,46.5,6,10,12,8,11,5,1,10,171
F2,138-190,19,95,113,122,41,67.5,62.5,45.5,2,12,11,12,15,6,3,6,147
F2,138-191,32,27,146,194,65.5,14.5,80,71.5,0,17,16,17,25,7,3,11,213
F2,138-192,20,19,37,40,9,57,23.5,31,6,7,6,6,3,3,2,4,73
F2,138-193,26,100,110,154,65,59,52.5,52.5,12,15,12,13,8,3,3,10,197
F2,138-194,17,48,84,56,30.5,57.5,51.5,43.5,4,6,6,6,5,6,2,6,108
F2,138-195,26,41,73,156,32.5,55,65,54.5,1,1,9,17,14,17,5,12,157
F2,138-196,20,37,104,145,28.5,55.5,55.5,66,0,0,8,9,14,19,3,8,130
F2,138-197,13,42,104,118,43,60,60,58.5,0,0,9,9,18,23,3,9,153
F2,138-198,11,49,54,126,31,65,70.5,47.5,0,0,7,11,15,19,5,10,135
F2,138-199,16,47,135,150,38.5,61,65.5,53.5,0,9,16,13,19,11,2,13,175
F2,138-200,14,41,104,141,43,51,75.5,57,0,0,8,15,23,27,7,7,159
F2,138-201,14,64,105,139,32.5,55,71,51,0,1,7,10,14,18,6,11,175
F2,138-202,18,45,105,102,38.5,59.5,57.5,44.5,9,7,5,8,3,4,2,7,128
F2,138-203,18,60,110,141,27,61.5,86.5,42.5,0,0,9,13,13,18,5,10,172
F2,138-204,18,50,104,148,32,52,80,51,0,0,6,15,15,19,8,8,192
F2,138-205,19,51,49,142,34,62,85,60.5,0,0,6,14,15,17,7,9,173
F2,138-206,23,40,101,155,46.5,56,68,61,0,0,11,17,17,24,5,5,179
F2,138-207,13,45,50,107,40.5,60,75,44,0,0,10,13,17,16,8,8,130
F2,138-208,11,40,62,123,52,50.5,79.5,48,0,0,8,15,19,27,7,6,177
F2,138-209,14,44,83,106,29.5,58,60,39.5,2,8,8,8,9,3,3,6,114
F2,138-210,18,37,138,135,38.5,39.5,74.5,53,3,11,11,12,16,8,4,9,183
F2,138-211,15,50,79,148,30.5,52.5,78,51,0,0,7,12,14,20,4,9,148
F2,138-212,14,52,130,172,24,59,60,46.5,0,14,9,10,15,3,2,10,158
F2,138-213,13,44,130,165,43,53,84.5,59,0,3,11,13,19,21,7,8,194
F2,138-214,15,39,107,141,26.5,55,67.5,47,0,0,9,11,13,17,4,10,170
F2,138-215,12,40,88,139,33,52.5,52.5,45,6,6,9,12,4,3,8,8,227
F2,138-216,14,38,57,138,37.5,60.5,55,54,0,0,13,16,16,21,8,12,165
F2,138-217,13,30,67,96,31,47,66.5,42.5,0,1,10,10,18,24,8,8,120
F2,138-218,10,43,46,52,20,57,25,33.5,2,2,2,9,5,13,7,9,170
F2,138-219,20,47,70,141,35.5,56.5,62.5,54.5,0,0,6,11,14,19,5,6,167
F2,138-220,15,31,110,150,48,52.5,69,56,1,3,11,13,17,27,7,12,193
F2,138-221,13,34,59,145,33,43.5,68,60,0,0,9,16,18,22,7,7,157
F2,138-222,11,34,40,132,28,54,54.5,46,1,1,6,12,15,19,11,9,156
F2,138-223,15,52,43,150,21.5,44.5,70.5,59.5,0,0,8,14,15,21,6,8,145
F2,138-224,17,29,36,105,27.5,44,58,44,0,0,9,13,12,18,7,10,125
F2,138-225,12,43,40,110,20,61.5,58.5,54,0,0,6,9,13,16,8,9,129
F2,138-226,15,44,77,134,47,49.5,74,64.5,0,0,14,17,18,19,5,8,141
F2,138-227,13,45,76,125,26.5,61,69.5,54,0,0,10,11,16,19,5,6,129
F2,138-228,14,41,110,128,40,55,56.5,56,0,10,10,10,18,7,6,10,135
F2,138-229,14,32,55,133,35.5,54.5,72,57,0,0,9,13,19,24,7,9,142
F2,138-230,8,40,50,141,26,60,69,47.5,2,1,8,9,7,15,5,8,135
F2,138-231,14,39,130,133,35,59.5,72.5,47.5,0,12,8,10,17,9,5,7,140
F2,138-232,10,40,96,146,37,61,44.5,47.5,0,8,7,10,18,16,7,5,113
F2,138-233,23,45,87,128,45,59.5,74.5,63.5,1,5,13,17,20,20,1,10,158
F2,138-234,11,28,41,137,24,60.5,70,69,0,1,8,10,20,21,8,8,119
Da-Ol1_x_Da-Ae_F2,139-1,6,31,53,147,13,45.5,72.5,53.5,0,0,3,11,18,16,15,7,132
Da-Ol1_x_Da-Ae_F2,139-2,12,63,93,127,21.5,42.5,42,34.5,4,5,5,10,10,2,24,3,179
Da-Ol1_x_Da-Ae_F2,139-3,14,43,63,131,45.5,60.5,77.5,56,0,5,12,17,23,28,13,8,210
Da-Ol1_x_Da-Ae_F2,139-4,14,41,92,168,34.5,54,66,66,0,0,5,10,17,21,14,10,214
Da-Ol1_x_Da-Ae_F2,139-5,18,42,120,162,43,62,88,67,0,0,11,16,16,22,16,5,184
Da-Ol1_x_Da-Ae_F2,139-6,18,44,100,143,36.5,45,59.5,51,0,0,6,11,15,18,15,5,144
Da-Ol1_x_Da-Ae_F2,139-7,19,43,60,138,39,48.5,65,67.5,0,0,7,12,18,21,18,7,179
Da-Ol1_x_Da-Ae_F2,139-8,19,41,87,159,39,39.5,63.5,53.5,0,0,7,13,17,22,14,5,144
Da-Ol1_x_Da-Ae_F2,139-9,23,47,100,141,42.5,57,62.5,65.5,0,2,9,14,18,22,18,8,142
Da-Ol1_x_Da-Ae_F2,139-10,18,45,97,152,37,47,61,50,0,0,5,10,22,23,15,9,154
Da-Ol1_x_Da-Ae_F2,139-11,17,41,95,115,38,51.5,59,56,0,0,8,15,20,21,13,5,106
Da-Ol1_x_Da-Ae_F2,139-12,25,44,131,125,41.5,47.5,57.5,56.5,0,9,11,14,22,10,16,4,144
Da-Ol1_x_Da-Ae_F2,139-13,23,48,110,124,53.5,48.5,74,65.5,0,0,9,13,22,23,12,4,146
Da-Ol1_x_Da-Ae_F2,139-14,17,37,100,116,34,45,63.5,55.5,0,0,7,15,19,16,15,4,172
Da-Ol1_x_Da-Ae_F2,139-15,17,27,37,82,40,31,60,45.5,0,0,0,14,20,15,12,10,150
Da-Ol1_x_Da-Ae_F2,139-16,28,49,130,149,53,52,62,55,0,11,8,19,21,17,19,7,168
Da-Ol1_x_Da-Ae_F2,139-17,27,51,91,138,53.5,48.5,71,63.5,0,0,7,17,20,27,18,8,145
Da-Ol1_x_Da-Ae_F2,139-18,11,40,47,72,19,31.5,39,35.5,4,5,1,11,6,3,13,4,102
Da-Ol1_x_Da-Ae_F2,139-19,12,49,46,102,32.5,59,52,34,5,6,0,5,6,5,16,5,168
Da-Ol1_x_Da-Ae_F2,139-20,18,42,74,142,41,59,69,65.5,0,0,2,8,18,23,19,12,144
Da-Ol1_x_Da-Ae_F2,139-21,15,40,23,118,42,60.5,80,53.5,0,0,0,8,15,17,14,8,157
Da-Ol1_x_Da-Ae_F2,139-22,15,54,146,146,48,59,59.5,42.5,0,10,5,17,19,11,22,2,163
Da-Ol1_x_Da-Ae_F2,139-23,25,45,65,128,49,57,70.5,64.5,0,0,2,22,19,19,17,2,165
Da-Ol1_x_Da-Ae_F2,139-24,22,42,102,68,39.5,40,55.5,41,0,0,12,22,22,23,15,2,147
Da-Ol1_x_Da-Ae_F2,139-25,14,37,46,102,27.5,51,49,40,0,0,0,22,16,15,16,0,122
Da-Ol1_x_Da-Ae_F2,139-26,17,46,132,147,55,52,53,54,0,10,16,11,9,5,24,0,144
Da-Ol1_x_Da-Ae_F2,139-27,20,42,101,142,57,55,64.5,43,0,0,10,14,22,24,16,4,149
Da-Ol1_x_Da-Ae_F2,139-28,17,37,38,126,35.5,49.5,58,51.5,0,0,9,16,15,21,17,3,168
Da-Ol1_x_Da-Ae_F2,139-29,17,74,113,116,41,53.5,50.5,42.5,7,5,8,14,9,6,16,0,145
Da-Ol1_x_Da-Ae_F2,139-30,26,42,128,161,51,57,70.5,54,0,9,11,20,24,12,18,0,175
Da-Ol1_x_Da-Ae_F2,139-31,24,51,113,159,48.5,56.5,76.5,55.5,0,0,7,23,21,25,16,2,184
Da-Ol1_x_Da-Ae_F2,139-32,24,45,126,154,48.5,57,56,51,2,15,7,21,23,8,24,2,140
Da-Ol1_x_Da-Ae_F2,139-33,16,35,22,66,32,43.5,49,37.5,0,0,0,15,20,18,15,2,110
Da-Ol1_x_Da-Ae_F2,139-34,22,40,110,160,53,65.5,59.5,53.5,0,10,10,21,21,17,19,1,145
Da-Ol1_x_Da-Ae_F2,139-35,14,42,86,111,51,52.5,65,54,0,0,6,22,22,26,22,3,130
Da-Ol1_x_Da-Ae_F2,139-36,16,42,106,156,55,72,73,62,0,6,17,17,23,20,21,4,176
Da-Ol1_x_Da-Ae_F2,139-37,15,36,60,127,33.5,48,58.5,48,0,0,6,17,17,18,17,1,112
Da-Ol1_x_Da-Ae_F2,139-38,18,38,60,110,36.5,54,62.5,53,0,0,6,15,19,23,15,4,158
Da-Ol1_x_Da-Ae_F2,139-39,23,42,58,139,48,60,70.5,52.5,0,4,8,17,22,19,21,4,162
Da-Ol1_x_Da-Ae_F2,139-40,24,42,73,143,53.5,54.5,77,49.5,0,0,13,23,22,26,18,1,162
Da-Ol1_x_Da-Ae_F2,139-41,14,43,94,131,52,57,72.5,55,0,0,8,19,22,25,17,1,147
Da-Ol1_x_Da-Ae_F2,139-42,22,46,52,158,43.5,59.5,51,45.5,0,11,11,17,21,11,19,1,165
Da-Ol1_x_Da-Ae_F2,139-43,13,36,80,115,32.5,51.5,45.5,44.5,0,0,6,18,19,19,13,1,128
Da-Ol1_x_Da-Ae_F2,139-44,12,39,86,137,37,52,58,47.5,0,0,5,21,19,21,15,2,162
Da-Ol1_x_Da-Ae_F2,139-45,17,46,88,140,60,67.5,59,57.5,0,14,11,19,21,9,18,0,172
Da-Ol1_x_Da-Ae_F2,139-46,14,36,40,128,33,59.5,71,51,0,0,0,14,15,14,11,4,168
Da-Ol1_x_Da-Ae_F2,139-47,14,37,39,110,31,56,80,56.5,0,2,0,16,19,12,13,5,130
Da-Ol1_x_Da-Ae_F2,139-48,20,48,136,154,43.5,60,63,44.5,0,10,7,17,19,9,22,0,147
Da-Ol1_x_Da-Ae_F2,139-49,23,44,93,129,55,65,66.5,54,0,0,9,15,17,20,17,0,157
Da-Ol1_x_Da-Ae_F2,139-50,17,41,106,132,35.5,41,77,44.5,0,9,6,18,22,14,20,1,177
Da-Ol1_x_Da-Ae_F2,139-51,14,59,137,167,47,52.5,38.5,47,0,18,14,19,24,11,17,2,187
Da-Ol1_x_Da-Ae_F2,139-52,28,39,53,120,48.5,52,62,65.5,0,0,14,24,20,22,15,6,156
Da-Ol1_x_Da-Ae_F2,139-53,19,33,42,116,29.5,28.5,54.5,50,0,0,7,17,14,17,18,2,97
Da-Ol1_x_Da-Ae_F2,139-54,28,44,124,136,72,77,66,54,0,11,0,19,23,13,10,2,162
Da-Ol1_x_Da-Ae_F2,139-55,30,81,115,132,55,47.5,53.5,50.5,0,16,12,20,26,12,19,6,163
Da-Ol1_x_Da-Ae_F2,139-56,25,47,112,147,66.5,58,78.5,67,1,1,14,7,24,31,21,16,164
Da-Ol1_x_Da-Ae_F2,139-57,18,30,56,107,27.5,35,51,56.5,0,0,11,15,16,16,19,6,130
Da-Ol1_x_Da-Ae_F2,139-58,20,40,58,140,55.5,61,63.5,49,0,0,3,23,22,25,12,0,179
Da-Ol1_x_Da-Ae_F2,139-59,23,39,49,110,34,45.5,62.5,49.5,0,0,7,14,18,19,21,4,132
Da-Ol1_x_Da-Ae_F2,139-60,20,40,58,130,49.5,55.5,68.5,61,0,0,5,13,22,26,17,4,182
Da-Ol1_x_Da-Ae_F2,139-61,27,39,41,119,40,55,65.5,48.5,0,0,4,16,17,16,14,0,165
Da-Ol1_x_Da-Ae_F2,139-62,15,38,80,118,45,43,54.5,44.5,0,0,6,20,20,18,18,0,153
Da-Ol1_x_Da-Ae_F2,139-63,18,38,110,157,60,63.5,67,50.5,0,14,7,18,19,11,21,4,157
Da-Ol1_x_Da-Ae_F2,139-64,18,46,110,145,43,57.5,83,61,0,6,9,15,23,18,7,8,144
Da-Ol1_x_Da-Ae_F2,139-65,15,45,108,154,35,61.5,70,44,0,4,14,15,19,15,5,6,162
Da-Ol1_x_Da-Ae_F2,139-66,17,37,107,180,43,57.5,70.5,51,0,0,10,7,19,21,8,12,204
Da-Ol1_x_Da-Ae_F2,139-67,12,34,57,125,27,33,60,51.5,0,2,0,15,21,19,16,5,153
Da-Ol1_x_Da-Ae_F2,139-68,25,52,128,162,51,60.5,56.5,48,2,13,15,16,24,21,0,8,185
Da-Ol1_x_Da-Ae_F2,139-69,17,49,96,118,43.5,53,51.5,37,6,6,9,8,8,17,6,9,132
Da-Ol1_x_Da-Ae_F2,139-70,22,42,105,154,43.5,57,64,67,0,2,12,13,25,18,12,10,167
Da-Ol1_x_Da-Ae_F2,139-71,20,46,42,90,36.5,59.5,77,60,0,0,8,12,19,17,5,11,143
Da-Ol1_x_Da-Ae_F2,139-72,27,45,136,188,72.5,64.5,77,52.5,0,8,13,13,25,18,15,10,192
Da-Ol1_x_Da-Ae_F2,139-73,30,47,136,162,59,52.5,54,53.5,0,9,13,14,18,16,5,7,170
Da-Ol1_x_Da-Ae_F2,139-74,13,30,63,90,43,50.5,65,39,0,0,8,11,18,15,6,6,97
Da-Ol1_x_Da-Ae_F2,139-75,23,46,128,143,41.5,51.5,56.5,44,0,8,11,15,22,10,6,10,157
Da-Ol1_x_Da-Ae_F2,139-76,33,51,147,158,55,58,66.5,64,1,8,11,16,21,16,4,6,164
Da-Ol1_x_Da-Ae_F2,139-77,24,51,106,135,56.5,64,77,57,0,0,14,13,22,19,6,7,172
Da-Ol1_x_Da-Ae_F2,139-78,30,42,107,130,48.5,51,72,45,0,8,12,18,18,16,7,7,124
Da-Ol1_x_Da-Ae_F2,139-79,23,50,110,157,57,64.5,78,66.5,0,0,12,17,21,18,9,6,150
Da-Ol1_x_Da-Ae_F2,139-80,57,104,156,157,66,73,68,56.5,2,17,9,16,19,22,5,8,162
Da-Ol1_x_Da-Ae_F2,139-81,22,45,139,162,48,54,66.5,58.5,0,7,12,17,20,14,7,7,157
Da-Ol1_x_Da-Ae_F2,139-82,18,47,150,146,54.5,72,58,53.5,0,10,13,17,20,17,7,7,157
Da-Ol1_x_Da-Ae_F2,139-83,20,44,109,141,57.5,60.5,79,47,0,3,13,13,24,19,8,12,164
Da-Ol1_x_Da-Ae_F2,139-84,17,44,112,142,36.5,57,88,44,0,3,12,12,19,18,10,6,151
Da-Ol1_x_Da-Ae_F2,139-85,18,55,77,143,42,67.5,78.5,67.5,0,0,9,11,18,20,9,8,154
Da-Ol1_x_Da-Ae_F2,139-86,29,60,106,142,50,78,91,67.5,0,8,17,21,25,21,8,11,198
Da-Ol1_x_Da-Ae_F2,139-87,22,56,110,149,39,66,77,55.5,0,6,9,15,18,15,5,8,175
Da-Ol1_x_Da-Ae_F2,139-88,13,44,132,148,53.5,66,77,68,0,0,13,12,23,20,9,7,146
Da-Ol1_x_Da-Ae_F2,139-89,12,35,83,147,32,38,62.5,47.5,0,0,12,15,17,16,5,5,115
Da-Ol1_x_Da-Ae_F2,139-90,24,44,115,129,36.5,63.5,69.5,54,2,10,5,13,17,18,2,8,153
Da-Ol1_x_Da-Ae_F2,139-91,23,43,108,150,44,55.5,64.5,65,0,0,13,19,25,20,7,8,147
Da-Ol1_x_Da-Ae_F2,139-92,24,44,121,147,50.5,58.5,75.5,49.5,0,4,13,14,26,16,7,6,132
Da-Ol1_x_Da-Ae_F2,139-93,27,47,130,136,50.5,62.5,77,51.5,2,9,11,15,18,18,7,9,154
Da-Ol1_x_Da-Ae_F2,139-94,28,56,100,159,43.5,63,77.5,53.5,0,8,11,12,19,15,6,6,152
Da-Ol1_x_Da-Ae_F2,139-95,20,47,110,145,43.5,54.5,68,47.5,0,0,10,11,16,17,7,7,145
Da-Ol1_x_Da-Ae_F2,139-96,20,48,108,155,60,76.5,81.5,60,1,8,10,13,19,13,6,6,171
Da-Ol1_x_Da-Ae_F2,139-97,20,45,101,165,46,58.5,70,50.5,0,5,12,13,22,14,8,8,160
Da-Ol1_x_Da-Ae_F2,139-98,,,,,,,,,,,,,,,,,
Da-Ol1_x_Da-Ae_F2,139-99,12,52,118,140,36.5,58,48,50,0,7,9,10,21,16,8,7,117
Da-Ol1_x_Da-Ae_F2,139-100,17,69,112,105,40.5,54,55,38.5,4,6,10,10,9,18,4,6,125
Da-Ol1_x_Da-Ae_F2,139-101,24,104,127,120,61,61.5,55.5,38.5,11,18,18,9,13,24,3,8,122
Da-Ol1_x_Da-Ae_F2,139-102,16,43,97,141,31.5,43.5,58.5,48,0,0,9,14,18,17,8,5,144
Da-Ol1_x_Da-Ae_F2,139-103,20,46,110,143,49,45.5,81.5,46,0,3,10,13,23,22,6,6,142
Da-Ol1_x_Da-Ae_F2,139-104,13,45,108,146,44.5,57.5,71,47,0,0,10,17,21,18,8,7,150
Da-Ol1_x_Da-Ae_F2,139-105,20,44,86,126,41,58,83.5,54.5,0,3,14,14,19,18,10,6,158
Da-Ol1_x_Da-Ae_F2,139-106,20,48,98,123,47.5,69,86.5,43.5,0,6,15,13,22,14,6,6,145
Da-Ol1_x_Da-Ae_F2,139-107,20,91,120,148,63,57,55.5,46.5,10,14,12,8,12,18,5,5,146
Da-Ol1_x_Da-Ae_F2,139-108,12,37,57,99,21.5,39,57,42.5,0,0,5,11,12,14,5,7,140
Da-Ol1_x_Da-Ae_F2,139-109,17,39,73,132,47,56.5,80,57.5,0,0,14,14,22,25,5,6,144
Da-Ol1_x_Da-Ae_F2,139-110,23,67,126,156,48.5,60.5,56.5,53,4,10,12,11,18,21,7,8,142
Da-Ol1_x_Da-Ae_F2,139-111,23,38,109,134,55,73,73.5,62,0,0,9,12,21,20,6,7,170
Da-Ol1_x_Da-Ae_F2,139-112,16,35,97,143,44,51.5,63.5,50,0,0,9,15,16,13,6,5,136
Da-Ol1_x_Da-Ae_F2,139-113,17,34,69,120,48.5,67,81.5,46,0,0,17,11,18,14,7,7,136
Da-Ol1_x_Da-Ae_F2,139-114,19,41,70,131,53.5,54,78,59.5,1,0,13,13,18,18,10,7,161
Da-Ol1_x_Da-Ae_F2,139-115,15,43,114,131,44,61,58.5,39.5,0,8,12,13,17,14,4,4,114
Da-Ol1_x_Da-Ae_F2,139-116,20,43,102,147,49.5,59,73,55,0,0,15,16,23,16,7,8,161
Da-Ol1_x_Da-Ae_F2,139-117,17,46,112,138,46,65,69,68,0,6,9,10,21,16,6,6,126
Da-Ol1_x_Da-Ae_F2,139-118,13,32,44,108,30,35.5,55,46.5,0,0,2,14,17,13,14,6,120
Da-Ol1_x_Da-Ae_F2,139-119,20,43,100,131,44,55,42,31.5,0,7,7,8,19,15,7,7,143
Da-Ol1_x_Da-Ae_F2,139-120,26,54,110,140,93.5,63,52,57.5,0,12,16,14,31,16,8,10,153
Da-Ol1_x_Da-Ae_F2,139-121,20,52,64,120,50.5,59,75,45.5,0,0,13,15,21,14,11,5,149
Da-Ol1_x_Da-Ae_F2,139-122,24,39,46,80,29.5,41.5,68.5,47,0,0,20,13,17,15,4,6,117
Da-Ol1_x_Da-Ae_F2,139-123,18,60,124,162,51,59,73,55.5,0,9,11,12,22,16,8,7,169
Da-Ol1_x_Da-Ae_F2,139-124,24,43,125,162,54.5,60.5,81.5,46,0,6,12,16,19,15,11,8,157
Da-Ol1_x_Da-Ae_F2,139-125,17,33,73,146,40.5,49.5,72,47.5,0,0,12,14,16,21,8,9,128
Da-Ol1_x_Da-Ae_F2,139-126,15,46,73,158,47.5,50,65,48,0,0,15,14,16,24,9,6,156
Da-Ol1_x_Da-Ae_F2,139-127,34,57,153,161,75,59,79.5,94,0,12,15,13,24,11,7,8,192
Da-Ol1_x_Da-Ae_F2,139-128,24,56,132,180,48.5,58.5,71,57.5,0,12,12,13,20,9,9,7,189
Da-Ol1_x_Da-Ae_F2,139-129,19,49,107,158,37.5,54.5,63.5,63.5,0,0,6,8,19,22,16,13,171
Da-Ol1_x_Da-Ae_F2,139-130,23,44,124,168,45.5,56.5,63.5,77.5,0,0,9,8,21,20,11,6,179
Da-Ol1_x_Da-Ae_F2,139-131,22,44,113,137,45.5,42.5,63.5,63,0,0,9,10,20,23,8,8,184
Da-Ol1_x_Da-Ae_F2,139-132,19,49,116,170,67.5,59,73.5,83,0,0,10,11,19,20,9,12,194
Da-Ol1_x_Da-Ae_F2,139-133,25,50,141,170,65,66,76.5,62,0,11,13,11,23,12,5,9,216
Da-Ol1_x_Da-Ae_F2,139-134,20,94,142,140,51,59,59.5,72.5,0,13,6,14,22,13,12,6,162
Da-Ol1_x_Da-Ae_F2,139-135,25,54,150,200,48.5,71,78,91.5,0,11,9,16,20,12,12,10,198
Da-Ol1_x_Da-Ae_F2,139-136,15,36,43,105,40.5,47,63.5,71,0,0,3,13,21,26,24,16,144
Da-Ol1_x_Da-Ae_F2,139-137,19,48,109,154,42,55.5,72,80.5,0,0,9,11,18,25,14,10,187
Da-Ol1_x_Da-Ae_F2,139-138,20,42,110,160,37.5,57.5,66.5,73,0,0,9,12,20,24,13,10,182
Da-Ol1_x_Da-Ae_F2,139-139,15,37,64,160,22,33.5,51.5,71,0,0,0,9,14,15,16,12,132
Da-Ol1_x_Da-Ae_F2,139-140,17,44,62,142,41,45.5,73.5,80.5,0,0,4,13,17,17,17,12,172
Da-Ol1_x_Da-Ae_F2,139-141,13,40,55,98,33,38.5,63.5,66,0,0,0,10,15,18,12,11,122
Da-Ol1_x_Da-Ae_F2,139-142,30,51,104,163,57,53,69.5,78.5,0,7,10,12,25,19,7,5,173
Da-Ol1_x_Da-Ae_F2,139-143,25,46,87,136,50,58.5,75,78.5,0,0,9,11,23,24,14,11,156
Da-Ol1_x_Da-Ae_F2,139-144,18,42,52,105,41.5,47.5,62.5,63.5,0,0,0,8,23,24,19,9,143
Da-Ol1_x_Da-Ae_F2,139-145,18,43,60,123,47,54.5,73.5,78,0,0,7,8,21,26,14,8,160
Da-Ol1_x_Da-Ae_F2,139-146,17,37,43,132,36,39.5,55.5,53,1,0,0,12,20,27,15,13,130
Da-Ol1_x_Da-Ae_F2,139-147,21,85,125,135,66,56,59.5,84,0,11,12,13,27,15,11,9,144
Da-Ol1_x_Da-Ae_F2,139-148,22,56,48,120,55.5,54,69,77,0,0,3,13,18,19,14,11,169
Da-Ol1_x_Da-Ae_F2,139-149,17,49,70,106,40.5,48,70,74,0,0,3,14,20,22,18,9,149
Da-Ol1_x_Da-Ae_F2,139-150,15,49,116,120,48,49,72.5,82.5,0,0,6,10,21,28,14,10,199
Da-Ol1_x_Da-Ae_F2,139-151,19,40,109,137,41.5,58.5,74.5,75,0,0,7,11,24,25,16,7,144
Da-Ol1_x_Da-Ae_F2,139-152,17,32,40,79,45,49.5,60.5,57.5,0,0,0,15,18,22,24,14,148
Da-Ol1_x_Da-Ae_F2,139-153,18,50,88,128,39,60.5,79,68.5,1,0,10,15,19,20,12,10,134
Da-Ol1_x_Da-Ae_F2,139-154,21,45,39,110,47,57.5,74,70,0,0,0,10,17,19,17,11,138
Da-Ol1_x_Da-Ae_F2,139-155,18,37,117,127,49.5,59.5,75,64,0,0,8,11,22,24,10,6,146
Da-Ol1_x_Da-Ae_F2,139-156,19,44,109,113,37,58,66,68.5,0,9,10,12,21,10,6,7,151
Da-Ol1_x_Da-Ae_F2,139-157,20,37,36,90,36,39,60,64,0,0,0,15,19,24,22,6,119
Da-Ol1_x_Da-Ae_F2,139-158,20,38,83,90,40,47.5,60.5,66.5,0,0,5,8,19,22,16,10,161
Da-Ol1_x_Da-Ae_F2,139-159,15,34,71,101,44,48.5,63.5,61.5,0,0,5,8,17,21,15,15,172
Da-Ol1_x_Da-Ae_F2,139-160,20,37,100,115,50,57,68.5,61,0,0,8,10,21,22,13,10,162
Da-Ol1_x_Da-Ae_F2,139-161,18,31,64,105,39,46,59.5,62,0,0,4,9,22,20,15,9,124
Da-Ol1_x_Da-Ae_F2,139-162,21,36,106,102,37.5,46.5,47.5,56.5,0,0,6,9,18,19,14,11,128
Da-Ol1_x_Da-Ae_F2,139-163,23,40,74,115,44.5,54,67.5,73,0,0,5,12,20,25,18,13,142
Da-Ol1_x_Da-Ae_F2,139-164,33,64,163,184,72.5,74,94,98,0,11,11,15,26,14,10,10,240
Da-Ol1_x_Da-Ae_F2,139-165,25,63,99,100,52,59,41,56.5,0,6,5,7,19,13,9,8,119
Da-Ol1_x_Da-Ae_F2,139-166,27,57,87,97,46,42,53,52.5,4,3,4,12,11,19,6,6,113
Da-Ol1_x_Da-Ae_F2,139-167,19,51,72,117,42,45.5,55.5,59,0,0,8,13,18,13,11,7,148
Da-Ol1_x_Da-Ae_F2,139-168,21,38,90,95,44.5,53,56,62,0,0,8,11,21,16,13,9,132
Da-Ol1_x_Da-Ae_F2,139-169,20,43,109,130,48.5,50.5,67.5,71,0,0,6,9,20,17,13,11,168
Da-Ol1_x_Da-Ae_F2,139-170,23,52,118,120,53.5,57,63.5,67,0,10,7,10,18,8,8,6,133
Da-Ol1_x_Da-Ae_F2,139-171,20,40,82,117,41.5,49,59.5,61.5,0,0,4,8,19,14,12,9,152
Da-Ol1_x_Da-Ae_F2,139-172,16,34,38,96,33.5,43,33,44.5,0,0,0,6,13,13,16,14,161
Da-Ol1_x_Da-Ae_F2,139-173,24,35,43,100,37.5,48.5,43,52.5,0,0,0,13,21,19,20,16,182
Da-Ol1_x_Da-Ae_F2,139-174,28,44,96,120,47.5,50.5,67.5,62,0,0,7,14,19,13,14,10,177
Da-Ol1_x_Da-Ae_F2,139-175,21,32,59,75,23.5,35.5,53.5,53.5,0,0,5,11,18,15,12,7,107
Da-Ol1_x_Da-Ae_F2,139-176,30,51,138,120,51.5,66.5,72.5,87.5,0,9,11,12,24,12,11,11,185
Da-Ol1_x_Da-Ae_F2,139-177,20,41,94,128,42.5,63,66,74,1,0,8,11,17,17,14,9,213
Da-Ol1_x_Da-Ae_F2,139-178,28,67,153,158,65,86,83,105,0,16,15,23,29,22,12,0,202
Da-Ol1_x_Da-Ae_F2,139-179,36,67,151,180,71.5,71,88,88,0,20,20,23,27,14,7,0,206
Da-Ol1_x_Da-Ae_F2,139-180,27,54,122,152,41,60,76,69,0,12,15,18,22,18,6,0,200
Da-Ol1_x_Da-Ae_F2,139-181,26,52,119,145,43.5,60,73,59.5,0,12,11,20,22,15,6,0,177
Da-Ol1_x_Da-Ae_F2,139-182,18,54,107,137,33,56,60,56.5,0,7,9,15,21,11,8,0,192
Da-Ol1_x_Da-Ae_F2,139-183,21,49,111,158,36.5,59,67,66,0,0,15,19,18,24,9,3,186
Da-Ol1_x_Da-Ae_F2,139-184,31,72,138,180,65,73.5,72.5,89,0,17,13,19,26,12,10,0,179
Da-Ol1_x_Da-Ae_F2,139-185,17,44,83,115,32,48.5,63.5,54.5,0,0,5,9,18,20,12,7,158
Da-Ol1_x_Da-Ae_F2,139-186,18,89,136,155,53.5,63.5,64.5,55,6,10,8,10,14,8,7,2,196
Da-Ol1_x_Da-Ae_F2,139-187,20,46,108,165,38,57,60,70,0,1,10,13,19,21,1,8,175
Da-Ol1_x_Da-Ae_F2,139-188,14,46,93,122,35,52.5,61.5,72,6,6,8,12,7,7,14,0,140
Da-Ol1_x_Da-Ae_F2,139-189,20,50,132,135,36,57.5,66,66,0,12,12,18,18,7,8,0,167
Da-Ol1_x_Da-Ae_F2,139-190,21,46,87,118,37.5,62.5,72,75,0,0,9,18,18,21,14,6,172
Da-Ol1_x_Da-Ae_F2,139-191,21,47,137,120,53,62,80.5,80,0,13,16,21,19,12,9,0,167
Da-Ol1_x_Da-Ae_F2,139-192,18,62,101,115,38,62.5,60,79.5,0,11,9,13,19,8,5,0,144
Da-Ol1_x_Da-Ae_F2,139-193,25,52,138,150,59,63.5,66.5,77,0,11,14,20,24,14,10,0,164
Da-Ol1_x_Da-Ae_F2,139-194,23,54,91,115,43.5,59.5,73,80.5,0,0,13,23,19,26,8,2,186
Da-Ol1_x_Da-Ae_F2,139-195,15,43,94,104,41.5,56,74,61.5,0,0,8,15,19,23,12,0,164
Da-Ol1_x_Da-Ae_F2,139-196,17,64,120,110,45,59,58,66.5,0,15,13,16,21,10,7,0,130
Da-Ol1_x_Da-Ae_F2,139-197,15,46,98,126,27,57.5,55,60,0,0,10,16,18,24,11,0,165
Da-Ol1_x_Da-Ae_F2,139-198,17,62,134,118,47.5,60,55.5,67,0,15,15,14,20,9,4,0,144
Da-Ol1_x_Da-Ae_F2,139-199,22,57,119,160,54.5,57,78.5,78,0,0,12,19,22,27,10,0,187
Da-Ol1_x_Da-Ae_F2,139-200,23,52,101,124,51.5,64,82.5,85,0,0,13,23,24,31,16,2,183
Da-Ol1_x_Da-Ae_F2,139-201,22,52,53,112,50,63,80,77,0,0,10,10,19,22,15,5,187
Da-Ol1_x_Da-Ae_F2,139-202,20,70,135,115,47,66.5,60,74.5,0,15,11,17,21,10,7,0,140
Da-Ol1_x_Da-Ae_F2,139-203,19,45,103,137,46,61,64.5,84.5,0,0,13,17,17,19,14,2,167
Da-Ol1_x_Da-Ae_F2,139-204,24,60,123,129,48,60.5,71.5,71,0,3,11,20,22,20,13,1,185
Da-Ol1_x_Da-Ae_F2,139-205,21,49,45,117,44,61,74,76,0,0,6,11,18,18,21,7,158
Da-Ol1_x_Da-Ae_F2,139-206,23,49,120,123,39,61.5,61,68,0,12,14,19,19,14,7,0,133
Da-Ol1_x_Da-Ae_F2,139-207,19,42,63,103,38,53.5,71,56,0,0,13,14,21,23,11,7,128
Da-Ol1_x_Da-Ae_F2,139-208,21,35,113,120,36,59.5,59,64.5,0,5,14,19,24,15,9,0,156
Da-Ol1_x_Da-Ae_F2,139-209,23,49,104,140,48,68,70.5,79.5,0,0,14,20,18,17,10,0,164
Da-Ol1_x_Da-Ae_F2,139-210,20,99,118,110,41.5,56,52.5,81,14,12,8,14,15,18,5,3,128
Da-Ol1_x_Da-Ae_F2,139-211,16,48,116,136,36,57,54,60.5,0,8,13,23,16,16,14,0,123
Da-Ol1_x_Da-Ae_F2,139-212,11,61,102,120,31.5,47.5,42,49,7,8,4,13,7,26,7,0,115
Da-Ol1_x_Da-Ae_F2,139-213,25,47,110,132,61,66.5,61.5,60,0,10,11,20,26,19,10,2,172
Da-Ol1_x_Da-Ae_F2,139-214,23,50,71,150,47.5,61.5,77,55,0,0,10,16,22,17,11,2,142
Da-Ol1_x_Da-Ae_F2,139-215,25,62,143,160,62.5,68.5,71.5,75,0,8,16,20,23,18,4,4,172
Da-Ol1_x_Da-Ae_F2,139-216,23,62,99,106,41,61.5,67,53,0,7,11,14,17,14,8,0,127
Da-Ol1_x_Da-Ae_F2,139-217,24,48,129,159,62,70,78,61,2,8,18,24,24,22,10,6,168
Da-Ol1_x_Da-Ae_F2,139-218,25,47,113,138,50,60,61.5,57.5,0,6,11,19,22,13,10,5,145
Da-Ol1_x_Da-Ae_F2,139-219,30,61,123,155,47,63.5,69.5,63.5,0,10,14,19,24,9,8,0,159
Da-Ol1_x_Da-Ae_F2,139-220,22,49,120,138,52,55,72,58.5,0,10,15,21,22,12,11,2,144
Da-Ol1_x_Da-Ae_F2,139-221,22,41,98,137,42.5,56,60,65,0,5,11,17,21,16,12,2,127
Da-Ol1_x_Da-Ae_F2,139-222,28,45,102,143,49.5,60,54.5,59,0,8,12,19,20,14,7,0,164
Da-Ol1_x_Da-Ae_F2,139-223,25,49,123,166,65.5,66.5,66,71,0,11,15,18,28,12,8,4,182
Da-Ol1_x_Da-Ae_F2,139-224,30,51,113,149,53.5,66,76,66.5,0,3,10,19,20,19,11,0,174
Da-Ol1_x_Da-Ae_F2,139-225,22,53,110,167,69,75,71.5,67,0,5,13,17,23,13,9,6,227
Da-Ol1_x_Da-Ae_F2,139-226,30,66,129,159,56,63.5,84,67.5,0,8,8,15,20,10,7,1,175
Da-Ol1_x_Da-Ae_F2,139-227,25,50,105,166,58.5,57.5,81.5,69,0,0,17,25,22,20,7,1,192
Da-Ol1_x_Da-Ae_F2,139-228,20,47,62,160,52,62.5,86,77.5,0,0,8,17,19,21,19,0,194
Da-Ol1_x_Da-Ae_F2,139-229,16,41,108,146,35.5,55,69,65.5,0,7,12,17,20,14,6,3,151